anime_id,mal_id,title,english_title,japanese_title,user_preferred_title,type,episodes,duration,status,source,season,season_year,studios,main_studios,genres,tags,rating,score,mean_score,scored_by,rank,popularity,popularity_rank,members,favorites,watching,completed,on_hold,dropped,plan_to_watch,start_date,end_date,broadcast_day,broadcast_time,synopsis,country_of_origin,is_licensed,hashtag,cover_image_large,cover_image_color,banner_image,trailer_site,trailer_id,main_characters,main_staff,streaming_sites,is_adult,synonyms,site_url,updated_at,next_airing_episode_at,next_episode_number,collected_at,data_source
184810,60494.0,Immoral Routine The Animation,,インモラルーティーン The Animation,Immoral Routine The Animation,OVA,,30.0,RELEASING,MANGA,WINTER 2025,2025,Pink Pineapple;Seven,Seven,Hentai,Masturbation;Public Sex;School;Heterosexual;Sex Toys,,71.0,76.0,0,0,1646,0,1646,83,382,376,161,45,682,2025-03-28,,,,"<i>Routine</i><br> When Shouta saw his classmate Nao masturbating in the classroom, he couldn't help but ask her <i>""Do you wanna do that... together?""</i>, and since then, they have been masturbating together in the school building early in the mornings. Seeking some excitement in their daily routine, which had become monotonous and routine, the two decide to ""get down to it for real""...<br> <br> (Source: PinkPineapple, translated and edited)",JP,True,,https://s4.anilist.co/file/anilistcdn/media/anime/cover/medium/bx184810-BJhp0LMwWKpP.png,#c95086,,,,Shouta;Nao,Alp (Original Creator);Saishin Saide (Director),,True,,https://anilist.co/anime/184810,1791539060,0,0,2026-10-09T10:59:21.411767+00:00,anilist
185506,60553.0,Nonohara Yuka no Himitsu no Haishin,,野々原柚花のヒミツのハイシン,Nonohara Yuka no Himitsu no Haishin,OVA,,16.0,RELEASING,OTHER,WINTER 2025,2025,Bunny Walker;Lune Pictures;T-REX,T-REX,Hentai,Filmmaking;Female Protagonist;Sex Toys;Masturbation;Large Breasts;Drugs;Boobjob;Nakadashi;Fellatio,,67.0,70.0,0,0,1607,0,1607,86,394,372,141,52,648,2025-02-28,,,,"Yuka spends her days in an uncomfortable classroom, eating lunch alone, and thinking only about the time she would sex stream at home. One day, she finds what appears to be a love letter in her shoe locker! When she opens it with high hopes, she finds a screenshot of her latest stream and a letter calling her... The man who called her uses the fact that her stream was exposed as a pretext to pressure her into sex streaming in front of him. Rather than being assaulted... she does as he says and does it until she climaxes, but the man assaults Yuka right after she has climaxed!?<br> <br> (Source: Lune-soft, translated)",JP,True,,https://s4.anilist.co/file/anilistcdn/media/anime/cover/medium/bx185506-e6BT2M2TFz3i.png,#f1bbae,https://s4.anilist.co/file/anilistcdn/media/anime/banner/185506-qYsK2nLRalpJ.jpg,,,Yuka Nonohara,Siokonbu (Original Creator);Ken Raika (Director);Megane Sagari (Storyboard),,True,Yuka Nonohara's Secret Livestream,https://anilist.co/anime/185506,1791539007,0,0,2026-10-09T10:59:21.411783+00:00,anilist
185001,60390.0,Shiranai Koto Shiritai no? The Animation,,知らないこと知りたいの？ The Animation,Shiranai Koto Shiritai no? The Animation,OVA,,20.0,RELEASING,MANGA,WINTER 2025,2025,Pink Pineapple;Seven,Seven,Hentai,Large Breasts;Nakadashi;Fellatio,,65.0,69.0,0,0,1286,0,1286,61,260,346,97,40,543,2025-02-28,,,,"<i>Pla-Pura</i><br> When the protagonist's grandfather, who runs a plastic model shop, falls ill, he ends up taking over the business. A regular customer, busty plastic model otaku Risa, appears as a part-timer! Thanks to the strict but reliable Risa, the shop reopens safely, and one day the protagonist discovers a solvent his grandfather made himself. As the protagonist and Risa are chatting after work, he is surprised when Risa starts to get changed without any protection, and ends up spilling the solvent he has on her body! As the protagonist panics, Risa's mood changes and she becomes sexier! As her whole body throbs, the busty girl begs him, ""Please... calm me down?"" ♪<br> <br> (Source: Pinkpineapple, translated)",JP,True,,https://s4.anilist.co/file/anilistcdn/media/anime/cover/medium/bx185001-ueqGXlmN8iVe.png,#e45d6b,,,,,Midori Tokiwa (Original Creator),,True,Don't you wanna learn something new? The Animation,https://anilist.co/anime/185001,1791471743,0,0,2026-10-09T10:59:21.411947+00:00,anilist
183742,60720.0,Ajin ga Osuki nan desu ne♡,,亜人がお好きなんですね♡,Ajin ga Osuki nan desu ne♡,OVA,,20.0,RELEASING,MANGA,WINTER 2025,2025,Queen Bee;Mediabank,,Hentai,Heterosexual;Episodic;Ahegao;Anthology;Fellatio;Female Protagonist;Large Breasts;Nakadashi;Nudity;Primarily Adult Cast,,60.0,64.0,0,0,1179,0,1179,58,268,235,130,54,492,2025-03-28,,,,"<b>Episode 1</b><br> <br> <i>Koisuru Kuroyagi</i><br> The owner of the mansion was a strict man and always gave a cold response. One night, Maya is seen by him shaving her hair. The owner had a peculiar sexual fetish and was sexually aroused by shaving women's pubic hair. Maya had been in love with him since she came to the mansion, so she pulled up the hem of her skirt to show her pubic hair and asked the owner, who couldn't hide his excitement, to shave her, and he readily agreed. She lathered up shaving soap and worked her way from her waist to her thighs, around her mucous membrane and down to her pubic hair. Maya was so moved by the sight of herself that she wanted to continue.<br> <br> <i>Futarikiri no Orca Show: Kono Koi ni Oborete</i><br> Lucca is performing in a spectacular aqua show. Recently, she has been losing focus and making mistakes. The reason is clear - she is in love with Masaki, who supports her. In order to reciprocate her feelings, the other members lie to the two",JP,True,,https://s4.anilist.co/file/anilistcdn/media/anime/cover/medium/bx183742-WOUbrnj69mhF.png,#f1c9bb,,,,,Jun (Original Creator),Official Site,True,,https://anilist.co/anime/183742,1791539146,0,0,2026-10-09T10:59:21.412005+00:00,anilist
185779,61353.0,Hametsu no Yuuwaku,,ハメツの誘惑,Hametsu no Yuuwaku,OVA,,20.0,RELEASING,ORIGINAL,WINTER 2025,2025,Nur,Nur,Hentai,Inseki;Teacher;Public Sex;School;Cunnilingus;Masturbation;Squirting;Nudity;Trains,,56.0,62.0,0,0,830,0,830,33,201,113,90,33,393,2025-03-28,,,,,JP,True,,https://s4.anilist.co/file/anilistcdn/media/anime/cover/medium/bx185779-uzQoDrD3Sy6r.png,#0d6bbb,,,,,Hikaru Kinohara (Character Design);Noji (Director);Ten Tenteke (Producer);PON (Script),,True,,https://anilist.co/anime/185779,1791538975,0,0,2026-10-09T10:59:21.412157+00:00,anilist
185646,60534.0,Koupen-chan,,コウペンちゃん,Koupen-chan,TV_SHORT,,2.0,RELEASING,ORIGINAL,SPRING 2025,2025,Lesprit;Stay Luck,Lesprit,Slice of Life,Iyashikei;Animals;Primarily Animal Cast;Chibi;Episodic;Agender;Educational,,69.0,73.0,0,50,3271,0,3271,68,1081,80,197,231,1682,2025-04-06,,,,"The story of the series follows the everyday adventures of Koupen-chan and his friends as they enjoy the little things in life.<br><br> (Source: Crunchyroll News, edited) ",JP,True,#コウペンちゃんアニメ,https://s4.anilist.co/file/anilistcdn/media/anime/cover/medium/bx185646-2eGmsnaSHiLC.jpg,#aed643,https://s4.anilist.co/file/anilistcdn/media/anime/banner/185646-69FyAu3rfhEC.jpg,youtube,L4wurjkd0JM,Koupen-chan;Yokoshima Enaga-san;Otona no Penguin;Adelie-san;Oshite Kureru Type no Shirokuma-san,Rurutea (Original Creator);Kyou Yatate (Director);Youichi Katou (Series Composition);Hiroyuki Nemoto (Art Director);Yoshihito Harisaki (Assistant Art Director),Twitter;Official Site;YouTube,False,,https://anilist.co/anime/185646,1791538994,1791673200,80,2026-10-09T10:59:21.414230+00:00,anilist
186151,60651.0,Yu-Gi-Oh! CARD GAME: THE CHRONICLES,Yu-Gi-Oh! CARD GAME: THE CHRONICLES,Yu-Gi-Oh! CARD GAME: THE CHRONICLES,Yu-Gi-Oh! CARD GAME: THE CHRONICLES,ONA,,7.0,RELEASING,OTHER,SPRING 2025,2025,KONAMI animation,KONAMI animation,Action;Fantasy,Episodic;Card Battle;Advertisement;Female Protagonist;Super Robot;Real Robot;Shapeshifting;Anthropomorphism;Travel;Nekomimi,,59.0,62.0,0,0,3128,0,3128,31,969,189,164,136,1670,2025-04-21,,,,Yu-Gi-Oh! CARD GAME THE CHRONICLES is a monthly short-anime series showcasing Official Card Game-original card themes. It is an expansion of the demo reel of the same name released the previous year. <br><br> <b>Episodes and Themes</b> <ul> <li>01-02: Sky Striker Ace</li> <li>03-08: The Fallen & The Virtuous</li> <li>09-12: Spirit Charmers</li> <li>13-16: Magistus</li> <li>17-21: Seeker of the Sinful Spoils</li> </ul>,JP,True,#遊戯王 #yugioh,https://s4.anilist.co/file/anilistcdn/media/anime/cover/medium/bx186151-oUFvXQXVBMMP.png,#1a78d6,,youtube,lMZsDhwGi7o,Raye;Roze;Ecclesia;Albaz;Eria,"Kazuki Takahashi (Original Creator);Shin Yoshida (Original Story);Seiya Miyajima (Director (eps 1, 2));Yuuki Ogawa (Director (eps 3-8));Yuuya Horiuchi (Director (eps 13-16))",Official Site;Official Site;YouTube;YouTube;YouTube;YouTube;YouTube,False,Yu-Gi-Oh! CARD GAME: THE CHRONICLES (2025),https://anilist.co/anime/186151,1791538938,0,0,2026-10-09T10:59:21.414283+00:00,anilist
186827,61232.0,Fuuki Iin to Fuuzoku Katsudou,,風紀委員とフーゾク活動,Fuuki Iin to Fuuzoku Katsudou,OVA,,16.0,RELEASING,OTHER,SPRING 2025,2025,Bunny Walker;T-REX,T-REX,Hentai,School;Large Breasts;Tanned Skin;Female Protagonist;Male Protagonist;Boobjob;Fellatio;Nakadashi,,71.0,76.0,0,0,1862,0,1862,103,443,398,169,64,788,2025-04-25,,,,"<i>When I transferred to a certain school... I find out I'm the only guy there!</i> Shinji is alone at the school and can't make any friends, but then his classmate Hana talks to him. Shinji is excited to have made his first new friend, but she confesses to him that she is involved in adult entertainment activities to uphold public morals... For the sake of her activities, Hana decides to engage in naughty activities with Shinji!?<br> <br> (Source: Lune-soft, translated)",JP,True,,https://s4.anilist.co/file/anilistcdn/media/anime/cover/medium/bx186827-B9FgO0n9G0IC.png,#e4aea1,https://s4.anilist.co/file/anilistcdn/media/anime/banner/186827-W5UOiG4PgXrk.jpg,,,Shinji Izumi;Hana Sakurai;Chika Kitamura,Don Amano (Original Creator);Ken Raika (Director);Tokku03 (Script);Don Amano (Character Design);Megane Sagari (Storyboard),,True,,https://anilist.co/anime/186827,1791538881,0,0,2026-10-09T10:59:21.414392+00:00,anilist
178445,61599.0,Boku no Risou no Isekai Seikatsu,,ボクの理想の異世界生活,Boku no Risou no Isekai Seikatsu,OVA,,16.0,RELEASING,OTHER,SPRING 2025,2025,Mary Jane,,Hentai,Kemonomimi;Isekai;Female Harem;Nekomimi;Flat Chest;Slavery;Sumata;Bisexual;LGBTQ+ Themes;Monster Boy,,66.0,70.0,0,0,1552,0,1552,60,458,213,171,67,643,2025-05-02,,,,"He becomes a kemonomimi boy in the new world after orgasming<br> <br> A nameless 40-year-old single man loses consciousness from masturbating too much and thinks he has lived his life to the fullest, but when he regains consciousness he sees a cute girl with a worried look on her face in front of him. Her name is Misha, and she calls the man Norun. According to Misha, he had nearly drowned in the river. The man does not understand what is happening, but what he sees reflected in the water is the image of a cute boy with animal ears. The man is reincarnated into another world and becomes a person called Norun. The inhabitants of this world have animal ears and tails, there are more females than males, and it is a polygamous society. And Misha is the girl who will become Norun's first wife. Although they are not yet married, Misha lives with Norun, and does not hesitate to take off her clothes and take a bath with Norun. As Misha washes Norun's body, his crotch begins to swell more and m",JP,True,,https://s4.anilist.co/file/anilistcdn/media/anime/cover/medium/bx178445-Vx7wQLiwH664.png,#86bbe4,,,,Norun;Misha;Chise;Lovemea;40-sai otoko,Ichiri (Original Creator),,True,,https://anilist.co/anime/178445,1791539666,0,0,2026-10-09T10:59:21.414468+00:00,anilist
186058,60980.0,Kuro Gal A La Carte,,黒ギャルアラカルト,Kuro Gal A La Carte,OVA,,20.0,RELEASING,MANGA,SPRING 2025,2025,Queen Bee;Mediabank,,Hentai;Romance,Tanned Skin;Gyaru;Fellatio;Virginity;Teens' Love;Mating Press;Nakadashi,,61.0,65.0,0,0,1249,0,1249,38,275,207,130,38,599,2025-06-06,,,,"<b>Episode 1</b><br> <br> <i>Teddy Steady & Teddy Steady: One More!!</i><br> Rina Sanjou, a tanned gal, secretly has feelings for Zen Narazaki, her younger childhood friend who is uncool and boring. Zen is made to cosplay as a bear, and Rina is warmed by the sight of him in it. They've been playing dress up since they were little, and as an extension of that, she's been sucking Zen's dick. They've been doing that for a long time. But Zen says he wants to end their relationship. With a sense of despair, Rina tells him her true feelings. <i>""Because it's with you... I want to play dress up. Because it's with you... I want to have sex.""</i> And so, the two finally understand each other's feelings, and become immersed in a world of love and romance.<br> <br> <b>Episode 2</b><br> <br> <i>Oohata-san wa Risou no Gal</i><br> On his first day at his new school, Shigeharu Miyata finds his ideal gal, Juria Oohata. Everything about Juria is ideal from head to toe, and he's happy just to be allowed",JP,True,,https://s4.anilist.co/file/anilistcdn/media/anime/cover/medium/bx186058-knK1uJxYFkVy.png,#f1ae5d,,,,,BUTA (Original Creator),,True,,https://anilist.co/anime/186058,1791538945,0,0,2026-10-09T10:59:21.414485+00:00,anilist
186308,61165.0,Amai Ijiwaru,,甘いイジワル,Amai Ijiwaru,OVA,,24.0,RELEASING,ORIGINAL,SPRING 2025,2025,Nur,Nur,Hentai,,,56.0,64.0,0,0,693,0,693,22,176,91,73,29,324,2025-04-25,,,,,JP,True,,https://s4.anilist.co/file/anilistcdn/media/anime/cover/medium/bx186308-REUfR4DxBB18.png,#f1e4c9,,,,,,,True,,https://anilist.co/anime/186308,1791538926,0,0,2026-10-09T10:59:21.414839+00:00,anilist
188933,61539.0,Princess Burst!: Kiken-bi no Tanetsuke Haramase Shuuchi Battle!,,プリンセスバースト！～危険日の種付け孕ませ羞恥バトル！～,Princess Burst!: Kiken-bi no Tanetsuke Haramase Shuuchi Battle!,OVA,,,RELEASING,VIDEO_GAME,SPRING 2025,2025,Majin petit,,Hentai,Nudity;Rape;Wrestling,,52.0,57.0,0,0,642,0,642,21,171,95,77,31,268,2025-06-27,,,,"Based on the erotic doujin game by Dekisui-sen Lilyon (溺水船リリオン).<br> <br> Yuki Sakurano is on a winning streak as an illegal fighter in underground arenas. One day, the legendary fighter named King comes into her life to scout her as a fighter. Little did Yuki know that this event would drastically change her life in very different ways than she was expecting.<br> <br> (Source: Steam)",JP,True,,https://s4.anilist.co/file/anilistcdn/media/anime/cover/medium/bx188933-akAyf4m11e0y.png,#e4785d,,,,Yuki Sakurano;King,Shiroyabu (Original Character Design),,True,,https://anilist.co/anime/188933,1791538713,0,0,2026-10-09T10:59:21.414855+00:00,anilist
187304,61164.0,Inshoku-Ou Demar,,淫触王デマール,Inshoku-Ou Demar,OVA,,30.0,RELEASING,ORIGINAL,SPRING 2025,2025,Pink Pineapple;Seven,Seven,Hentai,Tentacles;Rape;Fellatio;Double Penetration;Monster Boy,,54.0,62.0,0,0,431,0,431,16,130,48,49,24,180,2025-05-30,,,,"Rosalia is a beautiful adventurer who once hunted demons alongside heroes. After retiring from the front lines, she ran an orphanage in a remote area, living a quiet life while taking in orphaned children. But one day, she found an insect in the orphanage... It was a split body of Demar, the King of Lust, a powerful enemy she had defeated during her time as an adventurer. <i>""You can't be... you're still looking for me...""</i> Rosalia stood alone, trying to ward off the demonic clutches of revenge, but countless tentacles attacked her ripe body――!?<br> <br> (Source: PinkPineapple, translated)",JP,True,,https://s4.anilist.co/file/anilistcdn/media/anime/cover/medium/bx187304-CwTKRUiG6kRd.png,#fea128,,,,Rosalia;Demar,Ao Ishii (Director),,True,Roi des tentacules obscènes Demar,https://anilist.co/anime/187304,1791452418,0,0,2026-10-09T10:59:21.415035+00:00,anilist
191452,61583.0,Immoral Game Master THE ANIMATION,,淫モラル・ゲームマスター THE ANIMATION,Immoral Game Master THE ANIMATION,OVA,,20.0,RELEASING,MANGA,SUMMER 2025,2025,Pink Pineapple;Seven,Seven,Adventure;Fantasy;Hentai,Virtual World;Anal Sex;Rape;Large Breasts;Prostitution;Tentacles;School;Cervix Penetration,,61.0,65.0,0,0,1247,0,1247,50,335,212,126,47,527,2025-07-25,,,,"A young boy, Mario, is asked by his father, who works for a video game company, to become the GM. Although he is not keen, as a result of his analysis, he realizes that he can experience the same stimulation he received in the game in real life, and as an experiment, he sets his sights on a quiet girl named Koharu Takashina. Koharu wishes to become “a useful and gorgeous character,” which is the opposite of reality. However, the class she is given is that of a prostitute! After being raped by a rough man, her womb starts tingling, even though she is still a virgin in real life...<br> <br> (Source: PinkPineapple, translated)",JP,True,,https://s4.anilist.co/file/anilistcdn/media/anime/cover/medium/bx191452-5303uC2Sntze.png,#e4a150,,,,Mario Kuga;Koharu Takashina;Saya Natsume,Yuu Ichinomiya (Original Creator);Saishin Saide (Director),,True,,https://anilist.co/anime/191452,1791538523,0,0,2026-10-09T10:59:21.417667+00:00,anilist
195068,61935.0,Purepure Peropero Princess,,ピュアピュア ぺろぺろ プリンセス,Purepure Peropero Princess,OVA,,,RELEASING,VISUAL_NOVEL,SUMMER 2025,2025,Juicy Mango;Lune Pictures;Ryuu M's,Ryuu M's,Hentai,Isekai;Matriarchy;Medieval;Nakadashi;Oyakodon;Fellatio;Squirting;Boobjob;Handjob;Group Sex,,59.0,65.0,0,0,845,0,845,33,244,172,86,36,307,2025-08-29,,,,"Based on the erotic game by DWARFSOFT.<br> <br> Toshio is a 42-year-old single man whose hobby is visiting brothels. A woman who calls herself Iris suddenly appears in front of him and begs Toshio to teach her how to please a man! Toshio, who has an insatiable libido, has no way of refusing the offer, so he uses his skills to give Iris, who has no sexual knowledge whatsoever, a sex education! However, Iris' true identity is that of a princess from another world... Queen Cattleya appears, unable to bear to see the princess have fallen so completely!<br> <br> (Source: Lune-soft, translated)",JP,True,,https://s4.anilist.co/file/anilistcdn/media/anime/cover/medium/bx195068-LOr1MKlDtH4Y.png,#e4d65d,https://s4.anilist.co/file/anilistcdn/media/anime/banner/195068-uvCtq4TatgJe.jpg,,,Toshio Kaname;Iris;Cattleya,ORCSOFT (Original Creator);Kuroitsu Suruga (Original Character Design);Tatsumi (Director);Tatsumi (Storyboard);Shinichirou Sawayama (Script),,True,Pure Pure Pero Pero Princess,https://anilist.co/anime/195068,1791538265,0,0,2026-10-09T10:59:21.417820+00:00,anilist
193707,61910.0,Mujin Eki The Animation,,無人駅 The Animation,Mujin Eki The Animation,OVA,,20.0,RELEASING,OTHER,SUMMER 2025,2025,Show-Ten;T-REX,T-REX,Hentai,Rape;Blackmail;Trains,,58.0,62.0,0,0,741,0,741,28,206,202,62,29,242,2025-08-29,,,,"Hikari Takataki, a female student, was on the last train home after leaving school later than usual. The car was dimly lit, illuminated only by the interior lights, and there was only one other passenger: a suspicious-looking man named Jun Utate. The strange atmosphere, combined with Jun's unsettling presence, immediately put Hikari on edge.<br><br>(Source: Showten, translated)",JP,True,,https://s4.anilist.co/file/anilistcdn/media/anime/cover/medium/bx193707-kOyJ9fzeQPZC.png,#f1bb93,,,,,Hissatsukun (Original Creator),Official Site,True,Mujineki The Animation;Unmanned station The Animation,https://anilist.co/anime/193707,1791538361,0,0,2026-10-09T10:59:21.417890+00:00,anilist
192452,61909.0,Koushoku no Chuugi Kunoichi Botan,,好色の忠義くノ一ぼたん,Koushoku no Chuugi Kunoichi Botan,OVA,,20.0,RELEASING,OTHER,SUMMER 2025,2025,Queen Bee,,Hentai,Flat Chest;Netorare;Ninja;Nakadashi,,57.0,62.0,0,0,721,0,721,30,197,131,100,26,267,2025-08-29,,,,"<i>""I'd like to borrow Botan for a while.""</i> Botan is a female ninja about to get married. She is asked by her uncle, who is also a benefactor, to help support the declining samurai estate and her beloved lord. As invited and ordered by her uncle, she hides from the master she should be serving and lets her small body be violated. Despite her reason, which she sees as a duty, her body inevitably responds to the pleasure...<br> <br> (Source: Mediabank, translated)",JP,True,,https://s4.anilist.co/file/anilistcdn/media/anime/cover/medium/bx192452-sPIuxMLvBMNT.png,#fe9350,,,,Botan,Kyou Tanabe (Original Creator),,True,,https://anilist.co/anime/192452,1791538451,0,0,2026-10-09T10:59:21.417904+00:00,anilist
195034,61936.0,Korette Naani?,,これってナ～ニ？,Korette Naani?,OVA,,,RELEASING,ORIGINAL,SUMMER 2025,2025,Nur,Nur,Hentai,MILF,,58.0,66.0,0,0,640,0,640,25,176,90,74,31,269,2025-09-26,,,,,JP,True,,https://s4.anilist.co/file/anilistcdn/media/anime/cover/medium/bx195034-kh5FbK07fShG.png,#d678a1,,,,,,,True,,https://anilist.co/anime/195034,1791538267,0,0,2026-10-09T10:59:21.417959+00:00,anilist
193347,61789.0,Shachiku Cinderella,,社畜シンデレラ,Shachiku Cinderella,OVA,,,RELEASING,ORIGINAL,SUMMER 2025,2025,Nur edel,Nur edel,Hentai,,,55.0,61.0,0,0,608,0,608,19,170,75,71,27,265,2025-08-29,,,,,JP,True,,https://s4.anilist.co/file/anilistcdn/media/anime/cover/medium/bx193347-EnTUvSR3JOgd.png,#f1c9ae,,,,,,,True,,https://anilist.co/anime/193347,1791451940,0,0,2026-10-09T10:59:21.417974+00:00,anilist
195033,61937.0,Kiken na Mori Onigokko,,危険な森 おにごっこ,Kiken na Mori Onigokko,OVA,,,RELEASING,OTHER,SUMMER 2025,2025,Majin petit,Majin petit,Hentai,,,46.0,49.0,0,0,528,0,528,15,137,65,66,34,226,2025-09-26,,,,"Based on the erotic doujin game by x-rabbit (えっくす・らびっと).<br> <br> In a certain deep forest, there is a girl walking alone. Her name is Alps. And this is a dangerous forest where many terrible creatures lurk. But Alps is frightened and goes on her way. To save her sick sister, she continues to walk out of the forest with a medicinal herb in her hand. Alps is still walking, <i>""Wait for me. Sister"".</i> However, the forest is not as sweet as one's determination. A big monkey in heat forced her to sow her seed, and a boar attacked her with his huge body. Furthermore, she also encounters a group of men of dubious character.... The lone, dainty girl is nothing but food for the beasts. What will be the fate of Alps?... Alps wanders through a dangerous forest to save her sister. Her white soft skin emerges in the dimly lit forest. The huge body of a boar, a big monkey in heat, rests on it. A glossy pink color emerges on her heated body.<br> <br> (Source: Getchu, translated)",JP,True,,https://s4.anilist.co/file/anilistcdn/media/anime/cover/medium/bx195033-U5Y8Hy5zbnMC.png,#5daee4,,,,Alps,x-rabbit (Original Creator);Manpiece (Planning);Yukitoshi Motoyama (Producer);Mihiro (Storyboard);Tokku03 (Script),,True,Alps and the Dangerous Forest,https://anilist.co/anime/195033,1791538267,0,0,2026-10-09T10:59:21.417989+00:00,anilist
191451,,Kyou wa Yubiwa wo Hazusu kara......,,今日は指輪を外すから……,Kyou wa Yubiwa wo Hazusu kara......,OVA,,20.0,RELEASING,ORIGINAL,SUMMER 2025,2025,Nur,Nur,Hentai,,,50.0,59.0,0,0,383,0,383,15,109,47,33,18,176,2025-07-25,,,,"<i>""Yeah, you're doing well. You've grown up.""</i> Shinsuke is praised by his admired senior Miyuki. He was carefully trained from the time he was a new employee, encouraged by her consideration, admired and had feelings for her. Recently, she has been working remotely from home, and meetings are held over the internet. He was happy to get a glimpse of her home, but what he saw on the screen when he forgot to turn it off... Shinsuke, seeing her in a shameless state that would be bad if anyone knew about it, takes his married senior to the hotel, overwriting her as if he's tearing her apart. Miyuki, overflowing without resistance as if she's given up, is absorbed in their fleeting intercourse as if she's lost herself. What happens to them is...",JP,True,,https://s4.anilist.co/file/anilistcdn/media/anime/cover/medium/bx191451-weddKt3utNpb.png,#aec9f1,,,,,Hikaru Kinohara (Character Design);Ten Tenteke (Producer);PON (Script);Noji (Director),,True,,https://anilist.co/anime/191451,1791020287,0,0,2026-10-09T10:59:21.418070+00:00,anilist
207035,62106.0,Kanojo ga Separate wo Matou Riyuu,,彼女がセパレートをまとう理由,Kanojo ga Separate wo Matou Riyuu,ONA,,13.0,RELEASING,MANGA,SUMMER 2025,2025,studio LEO;Suiseisha,studio LEO,Hentai,Nakadashi;Masturbation,,53.0,61.0,0,0,376,0,376,9,91,71,54,16,144,2025-07-04,,,,"Amane Kujou, a virgin girl frustrated with her chaste boyfriend who only kisses her, channels her energy into the track and field club. However, her strong sexual desire, typical of an athlete, fuels her growing frustration. To make matters worse, a middle-aged man can’t stop staring at her provocative athletic uniform.<br><br>  Living alone in an apartment, Amane indulges in nightly masturbation. Unbeknownst to her, the middle-aged landlord secretly records her behavior!<br><br>  In exchange for deleting the videos, he demands a one-sided physical relationship.<br><br>  Though unwanted, Amane’s unsatisfied body begins to crave the man’s touch more and more… What will become of Amane?!",JP,True,,https://s4.anilist.co/file/anilistcdn/media/anime/cover/medium/bx207035-0LwEG7t0xlpV.png,#f1c9bb,,,,,,Official Site,True,,https://anilist.co/anime/207035,1791537231,0,0,2026-10-09T10:59:21.418083+00:00,anilist
196750,62328.0,Sister Breeder,,シスターブリーダー,Sister Breeder,OVA,,20.0,RELEASING,MANGA,FALL 2025,2025,Bunny Walker;Lune Pictures;T-REX,T-REX,Hentai,Inseki;Incest;Nakadashi;Anal Sex;Sex Toys;Heterosexual;Fellatio;LGBTQ+ Themes;Bisexual,,71.0,75.0,0,0,2063,0,2063,124,620,459,201,66,717,2025-09-26,,,,"<b>Episode 1 - 3</b> - <i>Sister Breeder</i><br> Shouta is very affectionate towards his sisters Rena and Aina, they grew up as close siblings. Day by day, he becomes more affectionate towards Aina... and eventually he even sneaks into her room at night!? Rena tries to stop Shouta, but ends up receiving his affection in Aina's place. Due to her hidden feelings for Shouta and the pleasure of experiencing things for the first time, the once innocent Rena is steadily being trained by Shouta...!? <br><br> <b>Episode 4</b> - <i>Akuma de Kanojo wa Boku no Tenshi</i><br> This is a forbidden love. Timid teacher Makoto tries to suppress his feelings for his student Mano. But one day, Makoto finds out Mano's secret, and with an angelic smile, she starts making devilish demands! Mano seduces him with various types of play. However, in order to melt away Makoto's hesitation, she provokes him into serving her...!? A pure love story of a devilish angel! <br><br> <b>Episode 5</b> - <i>Zettai! Zettai!",JP,True,,https://s4.anilist.co/file/anilistcdn/media/anime/cover/medium/bx196750-qwkwqdNMXIwD.png,#bb35e4,https://s4.anilist.co/file/anilistcdn/media/anime/banner/196750-cmc0IEyZbqOj.jpg,,,Rena Oomiya;Aina Oomiya;Shouta Oomiya,Hiromitsu Takeda (Original Creator);Ken Raika (Director);Megane Sagari (Storyboard);Tokku03 (Script);Mamoru Kobayashi (Main Animator),,True,,https://anilist.co/anime/196750,1791540084,1793286000,5,2026-10-09T10:59:21.420205+00:00,anilist
196722,62315.0,Reika wa Karei na Boku no Joou THE ANIMATION,,レイカは華麗な僕の女王 THE ANIMATION,Reika wa Karei na Boku no Joou THE ANIMATION,OVA,,20.0,RELEASING,MANGA,FALL 2025,2025,Seven;Pink Pineapple,Seven,Hentai,Nakadashi;Maids;Ashikoki;Femdom;Feet;LGBTQ+ Themes;Bisexual,,72.0,77.0,0,0,1671,0,1671,73,471,295,174,60,671,2025-10-24,,,,"<i>""They say that ejaculating after three days of holding back feels like heaven""</i>, says the gorgeous maid Reika, who is tasked with not only taking care of her master Reiji's daily routine, but also managing his ejaculations!? Reika teases Reiji's genitals from the morning, teasing him until he reaches the brink of orgasm♪ After her teasing attack, what extraordinary service will Reika provide after the promised three days...?! <br><br> (Source: PinkPineapple, translated)",JP,True,,https://s4.anilist.co/file/anilistcdn/media/anime/cover/medium/bx196722-mpsggThw5jFv.png,#5093e4,,,,Reiji Shinonome;Reika;Hasumi Asagiri,Gustav (Original Creator);Junji Tanaka (Storyboard);Satoru Matsuura (Director);Satoru Matsuura (Animation Director);Hitoshide Saitou (Character Design),,True,,https://anilist.co/anime/196722,1791538109,0,0,2026-10-09T10:59:21.420264+00:00,anilist
194353,62316.0,Choro Mesu Days,,ちょろ・めす・でいず,Choro Mesu Days,OVA,,,RELEASING,MANGA,FALL 2025,2025,Mary Jane;NewGeneration,NewGeneration,Hentai,Large Breasts;Incest;Boobjob;Inseki;Fellatio;Masturbation;Nakadashi;POV;Male Protagonist;Female Protagonist,,66.0,71.0,0,0,1373,0,1373,77,392,269,152,33,527,2025-10-17,,,,"<b>Episode 1</b> - <i>Dekapai Gimai, Shuurai</i><br> His stepsister's overwhelming breasts cause him to lose all sense of reason! Takashi's parents remarried and he ended up living with his stepsister. He thought it would be awkward to live with a girl, even though she was his stepsister, but he was surprised when he saw her. Her name was Alice, a beautiful girl from Northern Europe. While Takashi was happy to have a beautiful stepsister, her overly large breasts made him feel uneasy. However, seeing Alice trying to fit in with the family, Takashi suppressed his wicked feelings and treated her as his stepbrother. However, one day, when he saw Alice naked, Takashi's wall of reason collapsed. <br><br> <b>Episode 2</b> - <i>7days</i><br> Big breasts dancing in the hands of a cheeky younger man. One day, Kotomi returns home to find a strange boy there. When she asks her mother about the situation, she learns that a relative and her husband are going on a trip and she's going to take care o",JP,True,,https://s4.anilist.co/file/anilistcdn/media/anime/cover/medium/bx194353-DYQodQxpFuXD.png,#e4c9a1,,,,,Esuke Toono (Original Creator);Natsumi Kinomoto (Director);Shuuji Takemura (Assistant Director),,True,,https://anilist.co/anime/194353,1791540069,0,0,2026-10-09T10:59:21.420281+00:00,anilist
200228,62689.0,Oshikake! Bakunyuu Gal Harem Seikatsu,,おしかけ！爆乳ギャルハーレム性活,Oshikake! Bakunyuu Gal Harem Seikatsu,OVA,,16.0,RELEASING,OTHER,FALL 2025,2025,T-REX;Bunny Walker;Lune Pictures,T-REX,Hentai,Gyaru;Female Harem;Nakadashi;Group Sex;Boobjob;Fellatio;Femdom;Cunnilingus;Mating Press;Tanned Skin,,69.0,74.0,0,0,1294,0,1294,75,326,299,145,43,481,2025-11-28,,,,"A salaryman who was fired from his job and has no girlfriend is caught by some gals! He is treated like a molester just for looking at them, and the gals force their way into his house, demanding that he let them stay there, and have sex with him to kill time! This man, who has no experience with women, is toyed with by the gals who know no shyness! Whether in the living room, the bath, or in bed, the girls' ""inspection"" never stops! <br><br> (Source: Lune-soft, translated)",JP,True,,https://s4.anilist.co/file/anilistcdn/media/anime/cover/medium/bx200228-r8Bm5BulKKOS.jpg,#f143a1,https://s4.anilist.co/file/anilistcdn/media/anime/banner/200228-fta41j00DAv7.jpg,,,,Hishigata Tomaru (Original Creator),,True,Gyaru Harem Invasion,https://anilist.co/anime/200228,1791537813,0,0,2026-10-09T10:59:21.420295+00:00,anilist
188928,62406.0,Natsu to Hako,,夏と箱,Natsu to Hako,OVA,,,RELEASING,MANGA,FALL 2025,2025,Mary Jane;NewGeneration,NewGeneration,Hentai,Public Sex;Nudity;Outdoor Activities;Mating Press;Large Breasts;Handjob;Nakadashi;Ashikoki;Sweat;Primarily Teen Cast,,67.0,72.0,0,0,1171,0,1171,68,363,238,127,39,404,2025-12-05,,,,"Summer! Closed Room!! Intimacy!!! Secret Time Begins <br><br> Yoshi is walking along a mountain path with a bug net and cage in hand when he notices an unfamiliar girl in a phone booth. The girl notices Yoshi looking in the direction and calls out to him. The girl's name is Sachi, and she seems to be having trouble getting through on the phone. Yoshi can't leave her alone and enters the booth. But then the bug net gets stuck in the door, preventing him from getting out. To escape the heat, Yoshi takes off his clothes. Sachi hesitates, but she can't stand the heat and takes off her clothes. Yoshi, seeing Sachi's figure, becomes sexually aware. An insect flies out of the insect cage Yoshi is holding. Sachi panics and embraces Yoshi. Yoshi is struck by the softness of Sachi's body. <br><br> (Source: Getchu, translated)",JP,True,,https://s4.anilist.co/file/anilistcdn/media/anime/cover/medium/bx188928-qzOaoEWGmpIA.png,#e4865d,,,,,doumou (Original Creator);Natsumi Kinomoto (Director);Shuuji Takemura (Assistant Director),,True,,https://anilist.co/anime/188928,1791538713,0,0,2026-10-09T10:59:21.420332+00:00,anilist
198048,62380.0,Natsuzuma,,夏妻,Natsuzuma,OVA,,16.0,RELEASING,OTHER,FALL 2025,2025,T-REX;An♥Tekinus;Lune Pictures,T-REX,Hentai,MILF;Large Breasts;Blackmail;Threesome;Cheating;Netori;Fellatio;Facial;Nakadashi;Netorare,,66.0,71.0,0,0,1074,0,1074,58,285,297,103,40,349,2025-10-31,,,,"A summer trip to the beach that she couldn't go to with her husband. Yumiko was excited and looking forward to this day. But when her husband can't come, she heads to the beach alone with her young son. Just as she's feeling down, two young men approach her. That night, Yumiko is invited to the room of the men who hit on her that day. She puts her son to bed and heads to the room where the two young men are waiting, with secret hope in her heart. A forbidden summer begins, as she is consumed by carnal desires despite being tormented by guilt... <br><br> (Source: Lune-soft, translated)",JP,True,,https://s4.anilist.co/file/anilistcdn/media/anime/cover/medium/bx198048-hqioP9q8uR9j.png,#e46b5d,https://s4.anilist.co/file/anilistcdn/media/anime/banner/198048-920igrfThmom.jpg,,,Yumiko Seto,Kurosu Gatari (Original Creator),,True,A Midsummer NTR Dream,https://anilist.co/anime/198048,1791537993,0,0,2026-10-09T10:59:21.420372+00:00,anilist
196116,62353.0,Nagachichi Nagai-san THE ANIMATION,,ながちち永井さん THE ANIMATION,Nagachichi Nagai-san THE ANIMATION,OVA,,20.0,RELEASING,OTHER,FALL 2025,2025,Pink Pineapple;Seven,Seven,Hentai,Acrobatics;Nudity;Large Breasts;DILF;Irrumatio;Nakadashi;Mating Press;Boobjob;Ahegao,,57.0,61.0,0,0,851,0,851,40,243,173,95,32,308,2025-11-28,,,,Based on the CG collection by Santa Tsuji (津路参汰).,JP,True,,https://s4.anilist.co/file/anilistcdn/media/anime/cover/medium/bx196116-3bli0EwyZlBM.png,#ffc9bb,,,,Nagai-san,Santa Tsuji (Original Creator);Kazuhiro Ohara (Director);Kazuhiro Ohara (Character Design);Kazuhiro Ohara (Key Animation);Kazuhiro Ohara (Storyboard),,True,Nagachichi Nagai-san Diet Struggle Day,https://anilist.co/anime/196116,1791538158,0,0,2026-10-09T10:59:21.420448+00:00,anilist
195360,62339.0,Honey Blonde 2,,ハニーブロンド2,Honey Blonde 2,OVA,,20.0,RELEASING,MANGA,FALL 2025,2025,Queen Bee;Mediabank,,Hentai,,,60.0,67.0,0,0,693,0,693,29,208,115,81,33,256,2025-10-24,,,,"Erina, a breastfeeding girl, is in love with Masaki, and Masaki can't live without Erina's breast milk. They both pass the entrance exams to college, and head straight to a love hotel in the middle of the day. After six months of abstinence, Masaki, who loves breast milk, goes crazy for Erina's breasts. The two perverts with strong sexual habits repeatedly seek each other and reach climax.<br> <br> (Source: Mediabank, translated)",JP,True,,https://s4.anilist.co/file/anilistcdn/media/anime/cover/medium/bx195360-PAlYR0UnuGdV.png,#938628,,,,Eleanor Mercer,Fukudahda (Original Creator),,True,,https://anilist.co/anime/195360,1791471743,0,0,2026-10-09T10:59:21.420512+00:00,anilist
196540,62314.0,Seikon no Aria,,聖痕のアリア,Seikon no Aria,OVA,,,RELEASING,VIDEO_GAME,FALL 2025,2025,Majin petit,Majin petit,Hentai,Nun;Fellatio,,56.0,63.0,0,0,678,0,678,18,188,94,83,21,292,2025-10-31,,,,"Based on the erotic doujin game by Ishikorodou (イシコロドウ).<br> <br> Due to the succubus curse, the ""Succubus Disease"" has spread. This disease causes people to lose control of their lust and transform into monster. The only way to confront the Disease is let the infected cum again and again! The main character, Aria, was attacked by an ""Succubus Infected"" in her childhood but was saved in the nick of time by a former Exorcist Nun. Ten years later, determined to rescue people, the grown-up Aria decides to become the Exorcist Nun, stepping forward to confront the spreading Succubus Disease.<br> <br> (Source: Steam)",JP,True,,https://s4.anilist.co/file/anilistcdn/media/anime/cover/medium/bx196540-bgmJs8Kou7zD.png,#e4ae93,,,,,Yuuki Ookami (Original Creator),,True,Stigma-ARIA,https://anilist.co/anime/196540,1791471743,0,0,2026-10-09T10:59:21.420546+00:00,anilist
199162,62578.0,Cool de M,,クール de M,Cool de M,OVA,,,RELEASING,ORIGINAL,FALL 2025,2025,Nur,Nur,Hentai,,,57.0,64.0,0,0,570,0,570,21,184,69,61,22,234,2025-12-26,,,,,JP,True,,https://s4.anilist.co/file/anilistcdn/media/anime/cover/medium/bx199162-8ZpNn7vPn2rY.jpg,#aed6f1,,,,,,,True,,https://anilist.co/anime/199162,1791537906,0,0,2026-10-09T10:59:21.420650+00:00,anilist
198046,62369.0,Do S na Pet,,ドＳなペット,Do S na Pet,OVA,,,RELEASING,ORIGINAL,FALL 2025,2025,Nur,Nur,Hentai,Human Pet;Large Breasts;Nakadashi;Fellatio;Cunnilingus;Ahegao;Blackmail;Defloration;School;LGBTQ+ Themes,,54.0,61.0,0,0,559,0,559,17,168,60,64,27,240,2025-11-28,,,,,JP,True,,https://s4.anilist.co/file/anilistcdn/media/anime/cover/medium/bx198046-M34Xlo7MyCLL.png,#d678ae,,,,,,,True,,https://anilist.co/anime/198046,1791537993,0,0,2026-10-09T10:59:21.420665+00:00,anilist
199164,62577.0,Seihou Shouka Saint Lime VN: VeasTube Eroero Haishin Edition♪,,聖宝晶華セイントライムVN ～VeasTubeエロエロ配信Edition♪～,Seihou Shouka Saint Lime VN: VeasTube Eroero Haishin Edition♪,OVA,,,RELEASING,OTHER,FALL 2025,2025,Majin petit,Majin petit,Hentai,,,49.0,54.0,0,0,460,0,460,17,129,60,50,22,199,2025-12-26,,,,Based on the CG Colection by Tori no Oishii Tokoro.,JP,True,,https://s4.anilist.co/file/anilistcdn/media/anime/cover/medium/bx199164-kQ2sVvNXU392.jpg,#e4ae50,,,,,,,True,,https://anilist.co/anime/199164,1791537906,0,0,2026-10-09T10:59:21.420709+00:00,anilist
200375,62658.0,Inpuru-kun no Sonzai Shinai Oshigoto,,インプる君の存在しないお仕事,Inpuru-kun no Sonzai Shinai Oshigoto,ONA,,3.0,RELEASING,OTHER,FALL 2025,2025,,,Comedy,,,,40.0,0,0,49,0,49,1,10,2,4,17,16,2025-09-01,,,,The anime is based on temp agency Improve's mascot Inpuru-kun. It centers on Inpuru-kun taking on absurd temp jobs.,JP,True,#インプる君,https://s4.anilist.co/file/anilistcdn/media/anime/cover/medium/b200375-RxdzZA1qFTiZ.png,#28f1e4,,youtube,plcwdL2jsvA,,Keisuke Matsumoto (Director);Nobuyuki Owari (Executive Producer),YouTube;Twitter;Official Site,False,,https://anilist.co/anime/200375,1791451365,0,0,2026-10-09T10:59:21.421092+00:00,anilist
214074,63284.0,Zeztz Anime: Dream Arbeiter Baku,,ゼッツあにめ　ドリームアルバイターばく,Zeztz Anime: Dream Arbeiter Baku,ONA,,7.0,RELEASING,OTHER,FALL 2025,2025,Toei,,Comedy,Male Protagonist;Tokusatsu;Chibi;Primarily Adult Cast;Ensemble Cast,,,40.0,0,0,39,0,39,0,8,2,3,9,17,2025-12-28,,,,Anime shorts based on the live-action series Kamen Rider Zeztz released through Toei Tokusatsu Fanclub (TTFC).,JP,True,,https://s4.anilist.co/file/anilistcdn/media/anime/cover/medium/bx214074-Yk7Cf6QGdKsq.png,#e47850,,youtube,jd1-6mVRQsk,,,,False,,https://anilist.co/anime/214074,1791450292,0,0,2026-10-09T10:59:21.421133+00:00,anilist
202957,63042.0,Meitantei Precure!,Star Detective Precure!,名探偵プリキュア！,Meitantei Precure!,TV,51.0,24.0,RELEASING,ORIGINAL,WINTER 2026,2026,Toei Animation,Toei Animation,Mahou Shoujo;Mystery,Female Protagonist;Henshin;Primarily Child Cast;Kids;Detective;Primarily Female Cast;Amnesia;Urban Fantasy;Fairy;Coastal,,76.0,78.0,0,0,6668,0,6668,190,4051,51,261,257,2048,2026-02-01,,,,"Anna Akechi is a second-year junior high student living in Makoto Mirai Town. On her 14th birthday, she has a chance encounter with a fairy named Pochitan, and a magical pendant caused her to travel back in time from 2027 to 1999! In the Makoto Mirai Town 28 years in the past, Anna meets Mikuru Kobayashi, a girl her age who wants to become a great detective.<br> <br> Meanwhile, people in town are in trouble as their prized possessions are being stolen from under their noses - the cause being a group of Phantom Thieves. To stop them, Anna and Mikuru turn into Precures! Maybe if they solve these mysteries, Anna can find her way back to her own time?<br> <br> (Source: Official Website, translated)",JP,True,#名探偵プリキュア #たんプリ,https://s4.anilist.co/file/anilistcdn/media/anime/cover/medium/bx202957-fxZGgJTvwXzP.jpg,#d6ae1a,https://s4.anilist.co/file/anilistcdn/media/anime/banner/202957-B9U0hNv2Dqap.jpg,youtube,qjozo1fh7OI,Anna Akechi;Mikuru Kobayashi;Kurea Howa;Luluka Moria;Jett,Izumi Toudou (Original Creator);Kouji Kawasaki (Director);Isao Murayama (Series Composition);Akane Yano (Character Design);Minori Imai (Art Design),Official Site;Crunchyroll;YouTube;Twitter,False,TanPre;たんプリ,https://anilist.co/anime/202957,1791540031,1791675000,37,2026-10-09T10:59:21.422884+00:00,anilist
207084,63396.0,Onee-chan Gokko,Playing Sister,お姉ちゃんごっこ,Onee-chan Gokko,ONA,3.0,25.0,RELEASING,ORIGINAL,WINTER 2026,2026,Studio Gohan,Studio Gohan,Mystery;Psychological;Supernatural;Thriller,Female Protagonist;Clone;Urban Fantasy;Monster Girl;Denpa;Disability;Mythology;Primarily Female Cast;Family Life;Rural,,65.0,74.0,0,0,1576,0,1576,22,489,26,134,48,879,2026-01-31,,,,"In the distant future, on the outskirts left behind by the rapid concentration of advanced science and technology in urban areas, lies a remote mountain village known as Kagami Village.<br/> “Behave yourself, or a Double will come for you.”<br/> Such old folklore still lingers in this village.<br/><br/>  Akane Higure, a middle school student living in Kagami Village, has been eagerly awaiting the return of her older sister, Sui Higure, who is finally being discharged from the hospital after a year.<br/> However, not long after her sister comes home, Akane receives a single phone call.<br/><br/>  “The girl at home with you… isn’t your sister.”",JP,True,,https://s4.anilist.co/file/anilistcdn/media/anime/cover/medium/b207084-5ERIoIDjU76C.jpg,#e45d50,https://s4.anilist.co/file/anilistcdn/media/anime/banner/207084-QJoOYEulEDz5.jpg,youtube,Asmti3OS0W0,Akane Higure;Sui Higure;Mari;Onigiri;Sonohokasei,Harumaki Gohan (Director);Harumaki Gohan (Script);Miku Hatsune (Theme Song Performance (OP));Harumaki Gohan (Key Animation (ep 1));Harumaki Gohan (Background Art (ep 1)),YouTube;Official Site,False,OneGo;Playing Sister,https://anilist.co/anime/207084,1791537227,0,0,2026-10-09T10:59:21.423266+00:00,anilist
203367,63074.0,"Mou Ichido, Shitemitai.",,もう一度、してみたい。,"Mou Ichido, Shitemitai.",OVA,,,RELEASING,MANGA,WINTER 2026,2026,Pink Pineapple;Seven,Seven,Hentai,Office;Nakadashi;Mating Press;Fellatio;Masturbation;Tsundere;Office Lady,,70.0,77.0,0,0,1110,0,1110,45,265,203,93,37,512,2026-02-27,,,,"Inugami, a strong-willed office lady, and her colleague Sarushima are always fighting. As usual, the two spend the night arguing at a bar... and when they wake up, they find themselves at a love hotel together!? They don't remember why they went there, but their bodies remember that it felt amazing. <br><br> (Source: PinkPineapple, translated)",JP,True,,https://s4.anilist.co/file/anilistcdn/media/anime/cover/medium/bx203367-4TejHeBRRVYu.png,#f18600,,,,Yuuna Inukami,Danimaru (Original Creator);Ao Ishii (Animation Director);Ao Ishii (Character Design);Ao Ishii (Storyboard);Ao Ishii (Director),,True,,https://anilist.co/anime/203367,1791537541,0,0,2026-10-09T10:59:21.423383+00:00,anilist
208105,64008.0,Yani Neko Mini,,ヤニねこ ミニ,Yani Neko Mini,ONA,,1.0,RELEASING,MANGA,WINTER 2026,2026,,,Comedy,Chibi;Nekomimi;Female Protagonist;Drugs,,57.0,64.0,0,0,985,0,985,11,397,96,39,43,410,2026-02-22,,,,Chibi shorts posted on the official  Yani Neko YouTube channel and Twitter account of the main series.,JP,True,#ヤニねこ,https://s4.anilist.co/file/anilistcdn/media/anime/cover/medium/b208105-pYHSBy6n9naY.png,#865028,,youtube,uPZ5qL6ka2Q,Yaniko Satou;Imoko Satou;Yakuko Etsushimaru;Hameko Yurufuwa Anal Tenshi;Kaoruko Nishi,Nyan Nyan Factory (Original Creator),YouTube;Twitter,False,Yani Neko Mini Anime;ヤニねこ ミニアニメ;Chainsmoker Cat Minis,https://anilist.co/anime/208105,1791537147,0,0,2026-10-09T10:59:21.423446+00:00,anilist
204656,63151.0,mofusand,,mofusand,mofusand,ONA,,1.0,RELEASING,ORIGINAL,WINTER 2026,2026,Monster's Egg,Monster's Egg,Slice of Life,Iyashikei;Animals;Primarily Animal Cast;No Dialogue;Episodic;Full CGI;Family Life;Adoption;Drugs,,61.0,73.0,0,0,893,0,893,24,311,16,23,51,492,2025-12-22,,,,"Shark Meow is an orange tabby kitty who wears a shark suit.<br> A little clumsy and always taking things at their own cozy pace,<br> but every day with their best kitty friends — and the rescued baby kitty, Little Meow —<br> is filled with unexpected little mishaps and sweet adventures.<br><br>   A sunny warm spot in the park, the sparkle of the sea,<br> steam rising from freshly roasted sweet potatoes,<br> the fluttery feeling of the first snowfall…<br> These small everyday moments fill their world with warmth and delight.  <br><br> You can’t help but smile and think, “So true!”<br> A soft and snuggly kitty anime that brings joy to everyday moments.<br> <br> (Source: QTORY Channel)",JP,True,#mofusand,https://s4.anilist.co/file/anilistcdn/media/anime/cover/medium/b204656-KXjxVB4bBhl8.jpg,#c9e443,https://s4.anilist.co/file/anilistcdn/media/anime/banner/204656-ECYkRJKBxTLj.jpg,youtube,Svh_xgdMWlU,Same Nyan;Chibi Nyan;Shachi Nyan;Usa Nyan;Ichigo Nyan,Hazumu Sakuta (Director);Haruka (Art Director);Yoshinari Irikawa (CG Director);Takeshi Takadera (Sound Director);Youko Sakurai (Sound Effects),Twitter;Official Site;TikTok;Instagram;YouTube,False,mofusand the animation,https://anilist.co/anime/204656,1791537426,1791932400,41,2026-10-09T10:59:21.423467+00:00,anilist
204463,63158.0,Hebi to Kumo,,蛇と蜘蛛,Hebi to Kumo,OVA,,,RELEASING,OTHER,WINTER 2026,2026,Pink Pineapple;Shion,Shion,Hentai,Nakadashi;Fellatio;Cunnilingus;Office Lady;Irrumatio;Masturbation;Ashikoki;Nudity,,58.0,65.0,0,0,708,0,708,27,205,114,75,29,285,2026-03-27,,,,,JP,True,,https://s4.anilist.co/file/anilistcdn/media/anime/cover/medium/bx204463-2QQfFwEZL77K.png,#f1d6bb,,,,,Shin-yu (Original Creator);Toshihiro Watase (Director),,True,,https://anilist.co/anime/204463,1791537444,0,0,2026-10-09T10:59:21.423582+00:00,anilist
202894,63026.0,Kenki Virgo,,剣鬼バルゴ,Kenki Virgo,OVA,,,RELEASING,OTHER,WINTER 2026,2026,Majin petit,Majin petit,Hentai,Rape;Large Breasts;Nakadashi;DILF;Mating Press;Handjob;Interspecies;Prostitution;Ahegao;Succubus,,51.0,56.0,0,0,610,0,610,17,174,74,67,25,270,2026-02-27,,,,"Based on the erotic doujin game by Golden complex. <br><br> Virgo Note, known as the Sword Demon, commands both respect and fear as the empire's strongest magic swordswoman. She was branded with a curse mark, the ‘Curse of the Pregnant Demon,’ by a certain succubus, transforming her body into one that requires vast quantities of semen. Taking the advice of her friend and the empire's greatest magician, Elysia Hart, Virgo makes a shocking choice. <i>“Alright, Elysia. I'll become an AV actress too.”</i> And so, the rugged swordswoman Virgo steps into the unknown world of the AV industry, baring her voluptuous female form. Bathed in the lecherous stares of men, Virgo becomes acutely aware of her own ‘femaleness’. How will she survive in this industry? To break the ‘Curse of the Pregnant Demon’, vast amounts of semen are needed!? The empire's strongest magic swordsman, the Sword Demon Virgo, undergoes an unexpected job change!! In the AV industry, she comes to realize she is a ‘female’... ",JP,True,,https://s4.anilist.co/file/anilistcdn/media/anime/cover/medium/bx202894-vv6EPa1MKCmD.png,#e45035,,,,,,,True,Ken Oni Barugo,https://anilist.co/anime/202894,1791537587,0,0,2026-10-09T10:59:21.423632+00:00,anilist
204560,63232.0,Phantom Alchemia: Sylvia no Dokidoki Sakusei Toshi Keikaku,,ファントム・アルケミア ～シルヴィアのドキドキ搾精都市計画～,Phantom Alchemia: Sylvia no Dokidoki Sakusei Toshi Keikaku,OVA,,,RELEASING,OTHER,WINTER 2026,2026,Majin petit,Majin petit,Fantasy;Hentai,Heterosexual;Nudity;Rape;Virginity,,53.0,60.0,0,0,604,0,604,15,170,58,62,32,282,2026-03-27,,,,"Based on the erotic doujin game by Trynity.Lab. <br><br> In order to make up for the corruption committed by her father, Silvia had to help the development of the border city as an alchemist. But if she wants to use alchemy, she must convert the spiritual power of residents into energy. To shoulder the mission, Silvia collected spiritual power while using Alchemy to enrich people's lives. However, after gaining the recognition of the residents, Silvia accidentally discovered the [truth] of alchemy. <br><br> (Source: Steam)",JP,True,,https://s4.anilist.co/file/anilistcdn/media/anime/cover/medium/bx204560-p9A5TzVb3mB1.png,#e45d86,,,,,,,True,Phantom Alchemy ~Silvia's Dynamic Urban Planning~,https://anilist.co/anime/204560,1791537436,0,0,2026-10-09T10:59:21.423644+00:00,anilist
202893,63027.0,L'amour fou de l'automate,,L'amour fou de l'automate,L'amour fou de l'automate,OVA,,,RELEASING,ORIGINAL,WINTER 2026,2026,Nur,,Hentai,,,56.0,65.0,0,0,521,0,521,14,151,46,59,23,242,2026-02-27,,,,,JP,True,,https://s4.anilist.co/file/anilistcdn/media/anime/cover/medium/bx202893-z1PqTjt3fvEm.png,#50aee4,,,,,,,True,,https://anilist.co/anime/202893,1791537587,0,0,2026-10-09T10:59:21.423660+00:00,anilist
201153,63084.0,Seikou Senki Pony Celes,,聖光閃姫ポニーセレス,Seikou Senki Pony Celes,OVA,,,RELEASING,OTHER,WINTER 2026,2026,Majin petit,Majin petit,Hentai,Female Protagonist;Rape;Large Breasts;Henshin;Nakadashi;Vore;Tentacles;School;Magic,,47.0,53.0,0,0,412,0,412,12,116,46,43,21,186,2026-01-30,,,,"Based on the erotic doujin game by SukiyaKING. <br><br> Yui Morisaki is just a regular girl, busy with her regular everyday life like the Karate Club and an unrequited love... until one day she meets a little robot named Polka! Suddenly, she's granted the ability to transform into Radiant Princess Poni Ceres, just in time to fight against the evil forces of Zydarg, an alien organization hellbent on invading and enslaving all of humankind. <br><br> Fast forward a few months and Yui is coming to grips with her new life, though her heroic activities are starting to affect her grades. But just as she's getting used to dealing with the enemy's regular troops, it seems like Zydarg is escalating the conflict and attacking with monsters. It's time for Poni Ceres to up her game too! <br><br> (Source: Steam)",JP,True,,https://s4.anilist.co/file/anilistcdn/media/anime/cover/medium/bx201153-9xwz47bJi3wp.png,#e45086,,,,,,,True,Radiant Princess PONI CERES,https://anilist.co/anime/201153,1791537732,0,0,2026-10-09T10:59:21.423695+00:00,anilist
183231,60153.0,Rilakkuma,RILAKKUMA,リラックマ,Rilakkuma,TV_SHORT,,1.0,RELEASING,OTHER,SPRING 2026,2026,Production I.G;Aniplex,Production I.G,Fantasy;Slice of Life,Animals,,62.0,68.0,0,0,1722,0,1722,23,811,47,53,128,683,2026-04-04,,,,"Everyday life gets a cozy twist with the laid-back Rilakkuma. Gentle moments of friendship, change, and small joys unfold, turning ordinary moments into something quietly magical—one soft, comforting day at a time. <br><br> It's a moment that will make your heart feel lighter and lighter. No matter where you are or what you're doing, Rilakkuma will be by your side. An exciting new story begins! Experience the stress-free world of Rilakkuma, the relaxed bear who makes being lazy look effortless!<br><br> (Source: Crunchyroll, Rilakkuma Anime Site, translated)",JP,True,#リラックマアニメ,https://s4.anilist.co/file/anilistcdn/media/anime/cover/medium/b183231-z7SgjmXZBcoX.png,#28c9e4,https://s4.anilist.co/file/anilistcdn/media/anime/banner/183231-JFjTqQe3rPCw.jpg,youtube,rV-fcFL5vtU,Rilakkuma;Narrator;Kiiroitori;Korilakkuma;Chairoikoguma,Yoshimi Itazu (Director (Part 1));Yumi Kamakura (Director (Part 2));Chie Morita (Character Design);Suzuna Yamasaki (Art Director);Mayumi Satou (Color Design),Twitter;Official Site;Crunchyroll;YouTube;YouTube,False,リラックマ アニメ;Rilakkuma Anime;Rilakkuma: A Leisurely Dream Journey;Rilakkuma: Goyururi Yume no Tabi;リラックマ ～ごゆるり夢の旅～,https://anilist.co/anime/183231,1791540074,1791591960,27,2026-10-09T10:59:21.425929+00:00,anilist
209981,63846.0,Heart Mark Oome.,,はーとまーく多め。,Heart Mark Oome.,OVA,,16.0,RELEASING,MANGA,SPRING 2026,2026,T-REX;Bunny Walker;Lune Pictures,T-REX,Hentai,Inseki;Gyaru;LGBTQ+ Themes;Bisexual;Incest,,67.0,74.0,0,0,1030,0,1030,52,283,193,97,20,437,2026-05-29,,,,"His step-sister is an erotic manga artist. Reika usually relies on her step-brother, Yuu, for support while she works hard on her manga manuscripts, but once she finishes a manuscript, she can’t control her desires and transforms into a total slut! With her body aroused from drawing too many erotic scenes, she gives in to her instincts, unleashes her desires, and pounces on Yuu without hesitation! Today, just like every other day, she’s determined to milk him dry, shoving herself into every orifice she can find! There’s no resisting her step-sister’s relentless sexual assault…! <br><br> (Source: Lune-soft, translated and edited)",JP,True,,https://s4.anilist.co/file/anilistcdn/media/anime/cover/medium/bx209981-rXlkRNX1unMb.png,#e4aeae,,,,,Issa Miyamoto (Original Creator);Tokku03 (Script),,True,Lotsa Hearts;Plenty of Heart Marks.,https://anilist.co/anime/209981,1791536964,0,0,2026-10-09T10:59:21.426118+00:00,anilist
206523,63352.0,Onegai AiPri,,おねがいアイプリ,Onegai AiPri,TV,,,RELEASING,OTHER,SPRING 2026,2026,OLM;Dongwoo Animation;Avex Pictures;KYORAKU;Shogakukan;Takara Tomy;TV Tokyo;Dongwoo Animation;NAS;OLM,OLM;Dongwoo Animation,Music,Idol;Primarily Female Cast;Female Protagonist;Primarily Teen Cast;Advertisement;Kids;Cute Girls Doing Cute Things;Henshin;CGI;Virtual World,,55.0,62.0,0,0,810,0,810,11,326,10,23,96,355,2026-04-05,,,,The latest entry in the <i>Pretty Series</i> franchise and a new chapter in the <i>AiPri</i> series. <br><br> <i>Note: Relations are provisional and will be updated when more info is announced.</i>,JP,True,#おねがいアイプリ,https://s4.anilist.co/file/anilistcdn/media/anime/cover/medium/bx206523-2IaJCk4R7i63.jpg,#0035ff,,youtube,j5MgjyhhUBc,Inori Konomi;Aoi Yumemiya;Gumi Tomosaka;Olivia Yuuki;Nana Atami,"syn Sophia, Inc. (Original Creator);Takara Tomy (Original Creator);Hiromi Nashimoto (Original Character Design);Su-Hyeon Gwak (Chief Director);Sung-Min Nam (Chief Director)",Twitter;Official Site,False,,https://anilist.co/anime/206523,1791540121,1791678600,28,2026-10-09T10:59:21.426160+00:00,anilist
202895,64128.0,Otaku no Boku ga Ichigun Gal to Tsukiaeru Made no Hanashi,,オタクの僕が一軍ギャルと付き合えるまでの話,Otaku no Boku ga Ichigun Gal to Tsukiaeru Made no Hanashi,ONA,,,RELEASING,OTHER,SPRING 2026,2026,Torudaya,,Hentai,Male Protagonist;Gyaru;Fellatio;Anal Sex;Femdom;Virginity;Large Breasts;Mating Press,,59.0,65.0,0,0,731,0,731,23,213,124,85,29,280,2026-04-29,,,,"The protagonist, Tomohiko Suzuki, secretly harbors feelings for Ruka Ayase, a popular girl in his class. Determined to get even a little closer to Ayase, Suzuki decides to take action. He tries going to school with a hairstyle he’s not used to, but his classmates’ reactions aren’t very positive… However, he manages to strike up a conversation with some of the top-tier gals who show interest in him!? And to his surprise, they even start calling him by the nickname <i>“Chom”</i>! Taking this day as a starting point, Chom begins talking with Ayase’s group and works hard to become friends with them. Then one day, he runs into Ayase as she’s heading home. <i>“Chom, are you free? Then come over to my place—tell me some funny stories.”</i> Unexpectedly invited to her house… When Ayase leaned in and asked, <i>“Hey, Chom, do you have a girlfriend?”</i> he couldn’t hold back… <i>“Sure, show me your dick. I’ll jerk you off ♡.”</i> An unexpected turn of events!?!? <br><br> (Source: Fanza, translat",JP,True,,https://s4.anilist.co/file/anilistcdn/media/anime/cover/medium/bx202895-sAj8ZJSRQ2SR.png,#e4bba1,,,,Ruka Ayase,Masuo Hira (Original Creator),,True,,https://anilist.co/anime/202895,1791537587,0,0,2026-10-09T10:59:21.426217+00:00,anilist
211557,64070.0,Furachi,,フラチ,Furachi,OVA,2.0,16.0,RELEASING,OTHER,SPRING 2026,2026,T-REX;An♥Tekinus;Lune Pictures,T-REX,Hentai,Voyeur;Large Breasts;Sex Toys;Armpits;Femdom;Fingering;Handjob;Masturbation;Nudity;Nakadashi,,66.0,72.0,0,0,729,0,729,28,133,275,42,20,259,2026-06-26,,,,"<i>“I never imagined things would turn out like this…”</I> Kai, who ended up spending an intimate night with a woman living in the apartment building next door, reflects on his actions. Taking advantage of the fact that a room in the neighboring building happened to be completely visible, he began spending his days soothing himself by watching Ikenaga—who was exposing her vulnerable self—through his lens. But one morning, he accidentally called out to her! From that moment on, a relationship with the woman he’d been spying on began to develop…? <br><br> (Source: Lune-soft, translated)",JP,True,,https://s4.anilist.co/file/anilistcdn/media/anime/cover/medium/bx211557-PN1R4dpTOekY.png,#f1c9ae,,,,,Ken Raika (Director);Megane Sagari (Storyboard);Urasuji Samurai (Original Creator);Tokku03 (Script),,True,Outrageous;Unforgivable,https://anilist.co/anime/211557,1791536849,0,0,2026-10-09T10:59:21.426236+00:00,anilist
206840,63520.0,Todo no Tsumari,,とどの妻り,Todo no Tsumari,OVA,,,RELEASING,ORIGINAL,SPRING 2026,2026,Nur,Nur,Hentai,Fellatio;Public Sex;Nakadashi;Rape;Large Breasts,,53.0,59.0,0,0,680,0,680,20,195,71,73,27,314,2026-04-24,,,,"Despite all my hard work, that guy... Mother Misako had fallen asleep, face-down on the living room table. The screen of her working laptop illuminated her voluptuous form in the darkness. Her ample curves, slipping off the table and swaying, were being kneaded by the hands of her beloved son, Majime... <br><br> These weren't feelings for a mother... Every time Majime became conscious of Misako, he was tormented by anguish. The secret his aunt Reika had taught him... As a mother, a wife, a female teacher, Misako poured her heart into her daily duties. She wanted to save her. The reality that suddenly descended upon him. The moment he heard that fact, the sound of the shackles binding his boiling son's rod snapped... <br><br> (Source: Getchu, translated)",JP,True,,https://s4.anilist.co/file/anilistcdn/media/anime/cover/medium/bx206840-WSrKIJA0GFci.png,,,,,,Hikaru Kinohara (Character Design);PON (Script);Noji (Director),,True,,https://anilist.co/anime/206840,1791537255,0,0,2026-10-09T10:59:21.426252+00:00,anilist
204269,63125.0,Odekake Kozame Season 2,Little Shark's Day Out Season 2,おでかけ子ザメ シーズン2,Odekake Kozame Season 2,TV_SHORT,72.0,2.0,RELEASING,MANGA,SPRING 2026,2026,KADOKAWA;ENGI,ENGI,Slice of Life,Animals;Primarily Animal Cast;Iyashikei,,,75.0,0,0,657,0,657,9,233,12,18,41,353,2026-04-12,,,,Second season of <i>Odekake Kozame</i>.,JP,True,#おでかけ子ザメ#odekakekozame,https://s4.anilist.co/file/anilistcdn/media/anime/cover/medium/bx204269-fTR4iyVjTHiC.png,#50bbfe,,youtube,Laf46YXDt68,Kozame-chan;Aoi-chan;Kaeru-chan;Wataru-kun;Kousaku-kun,Penguin Box (Original Creator);Chihiro Kumano (Director);Ayumi Takeuchi (Character Design);Hiroaki Nagashima (Script);Kana Hanazawa (Theme Song Lyrics (ED)),YouTube;Official Site;TikTok;Twitter;YouTube,False,A Little Shark Going Out. Season 2;Little Shark's Outings Season 2,https://anilist.co/anime/204269,1791507744,1791669600,27,2026-10-09T10:59:21.426274+00:00,anilist
208749,63765.0,Nuki Nuki ♡ Zupposism,,ヌきヌき♡ずっぽしイズム,Nuki Nuki ♡ Zupposism,OVA,,20.0,RELEASING,MANGA,SPRING 2026,2026,Queen Bee,Queen Bee,Hentai,Interspecies;Large Breasts;Oyakodon;Nakadashi;Elf;Mating Press;Boobjob;Fellatio;MILF,,56.0,62.0,0,0,638,0,638,25,176,98,57,29,278,2026-06-12,,,,"<b>Episode 1</b><br> <br> <i>Tonari no Elf Mama (part 1)</i><br> It’s been a few years since the treaty of friendship was signed between the elves and humans… and next door to my apartment live an elf mother and daughter named Sophia and Lilia. After eating a meal prepared by my elven neighbors, I felt a strange, restless sensation and became abnormally aroused. Just then, Sophia came to visit and explained that she had mistakenly used the wrong amount of a herb from her homeland. She said it had a powerful aphrodisiac effect, and if I didn’t ejaculate immediately, I might suffer permanent damage to my reproductive functions. As an apology, Sophia offered to help me relieve myself.<br> <br> <i>Tonari no Elf Mama (part 2)</i><br> When I got home, Lilia was waiting for me at the door. As I was soaking in the tub, Lilia walked in completely naked and offered to help me relieve myself. I was taken aback by the sudden turn of events, but Lilia toyed with me, and soon the two of us were writ",JP,True,,https://s4.anilist.co/file/anilistcdn/media/anime/cover/medium/bx208749-8Tw6LuaE6oQF.png,#f1c9ae,,,,,Drachef (Original Creator),,True,,https://anilist.co/anime/208749,1791537102,0,0,2026-10-09T10:59:21.426291+00:00,anilist
209982,63810.0,Paihame Kazoku,,パイハメ家族,Paihame Kazoku,OVA,,16.0,RELEASING,OTHER,SPRING 2026,2026,Ryuu M's;Juicy Mango;Lune Pictures,Ryuu M's,Hentai,Large Breasts;Rape;Boobjob;Nakadashi;Ahegao;Mating Press;Asphyxiation;Otaku Culture;MILF;DILF,,53.0,58.0,0,0,625,0,625,17,177,97,60,25,266,2026-05-29,,,,"Mizuka, desperate for some pocket money, pretended to be working a part-time job again today, hoping to make some cash by putting her massive breasts to work. But the man who appeared before her was a creepy old guy with an obsession for huge breasts. Just as she was acting all nonchalant, thinking she’d rake in a fortune just by showing off her boobs, Mizuka suddenly found her massive breasts being groped. Her body reacted to the intensity, and she began to lose all her strength. Excited by the thought of “fucking her tits,” the man thrust his cock into her chest…!? <br><br> (Source: Lune-soft, translated)",JP,True,,https://s4.anilist.co/file/anilistcdn/media/anime/cover/medium/bx209982-4qVPmKV8LmXS.png,#d6866b,,,,,Obui (Original Creator),,True,Titfuck Family,https://anilist.co/anime/209982,1791536964,0,0,2026-10-09T10:59:21.426305+00:00,anilist
210116,64146.0,Kare no Shiranai Himitsu wo Irete. The Animation,,彼の知らない秘密を入れて。 The Animation,Kare no Shiranai Himitsu wo Irete. The Animation,OVA,,30.0,RELEASING,OTHER,SPRING 2026,2026,Pink Pineapple;Shion,Shion,Hentai,Netorare;Blackmail;Nakadashi;Fellatio;Boobjob,,53.0,59.0,0,0,500,0,500,11,131,99,40,17,213,2026-06-26,,,,"It had been two months since they started dating, but Yui and Naoya still weren’t used to being a couple. Just then, a man passing by called out to them. <i>“Yui-chan?”</i> At that moment, Yui was speechless. Standing there was the man who had been her first. Before they started dating, driven by curiosity about sex, Yui had slept with him. The man threatens to reveal her past actions to her boyfriend. And so, once again, Yui finds herself harboring a secret she can't tell her boyfriend… <br><br> (Source: PinkPineapple, translated)",JP,True,,https://s4.anilist.co/file/anilistcdn/media/anime/cover/medium/bx210116-CRuoaXeZO5qU.png,#bbbbff,,,,,Lucky (Original Creator);Toshihiro Watase (Director);Toshihiro Watase (Episode Director);Toshihiro Watase (Storyboard),,True,,https://anilist.co/anime/210116,1791536947,0,0,2026-10-09T10:59:21.426351+00:00,anilist
208361,63657.0,Seishidouin no Oshigoto The Animation,,性指導員のお仕事 The Animation,Seishidouin no Oshigoto The Animation,OVA,,,RELEASING,OTHER,SPRING 2026,2026,Show-Ten,,Hentai,Nudity,,54.0,61.0,0,0,490,0,490,14,146,51,47,22,224,2026-05-29,,,,,JP,True,,https://s4.anilist.co/file/anilistcdn/media/anime/cover/medium/bx208361-4uMcLF44TJmM.png,#d69378,,,,,Malcorond (Original Creator),,True,,https://anilist.co/anime/208361,1791537130,0,0,2026-10-09T10:59:21.426368+00:00,anilist
208264,,Muchuu no Tou,,霧中ノ塔,Muchuu no Tou,OVA,,,RELEASING,OTHER,SPRING 2026,2026,Majin petit,Majin petit,Hentai,,,46.0,50.0,0,0,385,0,385,11,100,37,27,23,198,2026-05-29,,,,"Based on the erotic doujin game by Shiganai Atelier (シガナイアトリエ). <br><br> The four suns that bestow blessings upon the world. When one of them vanished, the people mourned deeply. Naia, an aerial explorer who ventures across the skies, and Mano, an automaton, set out to investigate the Tower in the Mist—the place where the sun was said to have fallen—but they were caught in a storm, and their airship malfunctioned. While repairing it inside the tower, they decided to search for the sun.  <I>“Well then, I’m off to investigate right away!”</i>  However, the interior of the tower was an eerie space—a complex labyrinth teeming with countless monsters. To make matters worse, a ghost appeared, and Naia was captured. The ghost was controlled by Mary, a girl with a mysterious past. Though she seems somewhat carefree, she appears to show absolutely no mercy to intruders in the tower…  A tanned, energetic girl raised in the tropics and a fair-skinned, soft-skinned automaton (mechanical doll). The",JP,True,,https://s4.anilist.co/file/anilistcdn/media/anime/cover/medium/bx208264-suCmiuMBZfBy.png,#5dbbe4,,,,,,,True,Shrouded in Mist,https://anilist.co/anime/208264,1791537136,0,0,2026-10-09T10:59:21.426380+00:00,anilist
209873,,Hamehara,,ハメハラ,Hamehara,OVA,,,RELEASING,ORIGINAL,SPRING 2026,2026,Nur,Nur,Hentai,,,,61.0,0,0,384,0,384,11,113,24,32,21,194,2026-06-26,,,,"<i>“That's sexual harassment! I've told you that before! I'll sue you!”</i> Ayaka Mizukami, a member of the company's compliance committee, immediately calls out Yuya Takahashi on the distance between him and Chitose Takano as they chat amiably. She warns him that even if he meant no harm, it looks inappropriate. In a company that places a high priority on compliance, she takes action despite knowing she’ll make enemies… and sure enough, she did… Ayaka summons Yuya for a harassment training session. Alone with him in the conference room, Ayuka explains matter-of-factly, not suspecting for a moment that he might fight back. She rants one-sidedly, condemning Yuya’s behavior… <i>“So, does this count as sexual harassment?”</i> Yuya defiantly retorts, grabbing Ayuka’s disproportionately voluptuous and massive breasts as he asks, <i>“How about this?” “Is this sexual harassment too?”</i> Yuya presses forward, groping every inch of her stunned, frozen body. Ayuka struggles frantically to resis",JP,True,,https://s4.anilist.co/file/anilistcdn/media/anime/cover/medium/bx209873-bKlttpEcD4oL.png,#f1bbae,,,,,,,True,,https://anilist.co/anime/209873,1791536976,0,0,2026-10-09T10:59:21.426390+00:00,anilist
212309,64181.0,Transformers: Wild King W,,トランスフォーマー ワイルドキングW,Transformers: Wild King W,ONA,,4.0,RELEASING,OTHER,SPRING 2026,2026,Infinity Vision;Type ZERO,Infinity Vision;Type ZERO,Action;Mecha;Sci-Fi,Shapeshifting;Super Robot;Full CGI,,,45.0,0,0,165,0,165,5,37,6,4,21,97,2026-05-20,,,,A sequel to <i>Transformers: Wild King</i>.,JP,True,,https://s4.anilist.co/file/anilistcdn/media/anime/cover/medium/bx212309-gDqt6qz1RPEL.png,#3593e4,,youtube,6gyPgg1YdYg,Convoy,Takara Tomy (Original Creator);Keisuke Takada (Original Work Assistance);Haruto Watanabe (Original Work Assistance);Natsumi Yoneda (Original Work Assistance);Tomoki Yoshisawa (Director),Official Site;Twitter,False,Transformers: Wild King Double;トランスフォーマー ワイルドキングダブル,https://anilist.co/anime/212309,1791536799,0,0,2026-10-09T10:59:21.426480+00:00,anilist
212557,64079.0,Looney Tunes Gokko,,るーにー・てゅーんずごっこ,Looney Tunes Gokko,TV_SHORT,,1.0,RELEASING,ORIGINAL,SPRING 2026,2026,Fanworks;Studio Nanahoshi;Warner Bros. Japan,Fanworks;Studio Nanahoshi,Comedy,Primarily Animal Cast;Animals;No Dialogue;Slapstick;Anthropomorphism,,,61.0,0,0,160,0,160,1,38,7,7,18,90,2026-04-30,,,,,JP,True,#るーにーてゅーんずごっこ #るーにーごっこ,https://s4.anilist.co/file/anilistcdn/media/anime/cover/medium/bx212557-g92cX8cdkTrh.png,#f18643,https://s4.anilist.co/file/anilistcdn/media/anime/banner/212557-GGmcQYJIFnAB.jpg,youtube,hhhuBvugick,Bugs Bunny;Daffy Duck;Sylvester Cat;Tweety;Tasmanian Devil,,Twitter,False,,https://anilist.co/anime/212557,1791450415,0,0,2026-10-09T10:59:21.426500+00:00,anilist
202386,62933.0,Shou 3 Ashibe QQ Goma-chan,,小3アシベ QQゴマちゃん,Shou 3 Ashibe QQ Goma-chan,TV_SHORT,,,RELEASING,MANGA,SPRING 2026,2026,DLE,DLE,Comedy;Slice of Life,,,,48.0,0,0,131,0,131,0,29,5,4,37,56,2026-04-12,,,,,JP,True,#小3アシベ,https://s4.anilist.co/file/anilistcdn/media/anime/cover/medium/bx202386-wjFf8ubM1XZR.png,#f1bb1a,,youtube,cZftmR93acE,Goma-chan;Ashibe Ashiya;Ashibe no Tou-chan;Ashibe no Kaa-chan,Hiromi Morishita (Original Creator);Koutarou Yamawaki (Director );Koutarou Yamawaki (Character Design);Mayu Murayama (Art Director);Ikki Kuwahara (Sound Director),Twitter;Official Site,False,,https://anilist.co/anime/202386,1791451208,0,0,2026-10-09T10:59:21.426550+00:00,anilist
201910,,Oshiri Dandy the Young,,おしりダンディ ザ・ヤング,Oshiri Dandy the Young,TV,,,RELEASING,OTHER,SPRING 2026,2026,,,,,,,33.0,0,0,122,0,122,0,17,4,3,38,60,2026-04-04,,,,,JP,True,,https://s4.anilist.co/file/anilistcdn/media/anime/cover/medium/bx201910-yulAeyMQbbvw.png,#50d6fe,,youtube,ClHFIN462aw,Dandy Oshiri ;Oshiri Tantei;Brown;Hehe,Robinson Haruhara (Original Story);Akihiro Kikuchi (Original Character Design),,False,,https://anilist.co/anime/201910,1791451246,0,0,2026-10-09T10:59:21.426563+00:00,anilist
218008,,Chibi Godzilla no Gyakushuu Season 4,Chibi Godzilla Raids Again Season 4,ちびゴジラの逆襲 シーズン4,Chibi Godzilla no Gyakushuu Season 4,TV_SHORT,,3.0,RELEASING,OTHER,SPRING 2026,2026,Pie in the sky;Toho,Pie in the sky,Comedy;Fantasy,,,,40.0,0,0,27,0,27,2,21,0,2,1,3,2026-04-01,,,,Sequel to <i>Chibi Godzilla no Gyakushuu 3</i>.,JP,True,,https://s4.anilist.co/file/anilistcdn/media/anime/cover/medium/b218008-pDrQDUyfAnm6.jpg,#e4a150,,youtube,8Q83sSev8fk,Chibi Godzilla;Chibi Mechagodzilla;Chibi Mothra;Chibi Rodan;Chibi Ghidorah,Taketo Shinkai (Director);Chiharu Sakazaki (Character Design);Okamoto's (Theme Song Performance (OP));Okamoto's (Theme Song Arrangement (OP));Shou Iimura (Theme Song Composition (OP)),Twitter;TikTok;Official Site;YouTube;YouTube;YouTube;YouTube;Official Site;Instagram,False,Chibi Godzilla no Gyakushuu 2026;Chibi Gojira no Gyakushuu 4;ちびゴジラの逆襲 第4シーズ,https://anilist.co/anime/218008,1791536407,1791929160,15,2026-10-09T10:59:21.426627+00:00,anilist
185874,60636.0,BLEACH: Sennen Kessen-hen - Kashin-tan,BLEACH: Thousand-Year Blood War - The Calamity,BLEACH 千年血戦篇-禍進譚-,BLEACH: Sennen Kessen-hen - Kashin-tan,TV,10.0,,RELEASING,MANGA,SUMMER 2026,2026,Studio Pierrot;Shueisha;TV Tokyo;Dentsu;PIERROT FILMS,PIERROT FILMS,Action;Adventure;Supernatural,Shounen;Male Protagonist;Gods;Ensemble Cast;Swordplay;War;Super Power;Urban Fantasy;Memory Manipulation;Gore,,89.0,90.0,0,6,91943,0,91943,3726,54834,2888,1118,201,32902,2026-07-25,2026-10-26,,,"Destruction looms at the end of the Thousand-Year Blood War between the Soul Reapers and Quincies… as the death of the Soul King mirrors the collapse of the Three Worlds, distortions and omens of destruction start to appear in all realms.  <br><br> Fierce battles erupt throughout the Wahr Welt between the Thirteen Court Guard Squads and the Royal Guard. Ichigo learns about Uryuu's true intentions and renews his determination to protect the world together, as friends who trust each other. Yhwach has surpassed even his own ability, The Almighty... <br><br> The fierce battle for the survival of the Three Worlds approaches its end. Beyond the chaos of calamity, what lies in wait—despair or hope? <br><br> (Source: VIZ Media, edited)",JP,True,#BLEACH_anime #BLEACH,https://s4.anilist.co/file/anilistcdn/media/anime/cover/medium/bx185874-aU3e6tBT6wwA.jpg,,https://s4.anilist.co/file/anilistcdn/media/anime/banner/185874-IdGyh1EBG91I.jpg,youtube,IJONbpfIlUg,Ichigo Kurosaki;Uryuu Ishida;Orihime Inoue;Yasutora Sado;Yoruichi Shihouin,Tite Kubo (Original Creator);Tomohisa Taguchi (Chief Director);Hikaru Murata (Director);Tite Kubo (Chief Supervisor);Tomohisa Taguchi (Series Composition),Official Site;Twitter;Instagram;TikTok;YouTube;Hulu;Disney Plus,False,BLEACH: Thousand-Year Blood War Part 4;BLEACH 千年血戦篇 第4クール;BLEACH: Thousand-Year Blood War The Final Season;BLEACH TYBW,https://anilist.co/anime/185874,1791540027,1792418400,9,2026-10-09T10:59:21.426742+00:00,anilist
180136,59741.0,Tsuihou Sareta Tensei Juukishi wa Game Chishiki de Musou Suru,The Exiled Heavy Knight Knows How to Game the System,追放された転生重騎士はゲーム知識で無双する,Tsuihou Sareta Tensei Juukishi wa Game Chishiki de Musou Suru,TV,26.0,24.0,RELEASING,MANGA,SUMMER 2026,2026,GoHands;Shouchiku;Kodansha;MUSE;Crunchyroll;Mainichi Broadcasting System;GoHands,GoHands,Action;Fantasy,CGI;Exiled;Isekai;Male Protagonist;Class Struggle;Dungeon;Swordplay;Gore;Magic;Estranged Family,,68.0,68.0,0,0,68259,0,68259,1259,43782,663,936,2349,20529,2026-07-03,2026-12-25,,,"Born into a prestigious family of master swordsmen, Elymas Edvaughn’s future shatters when he awakens the so-called “defective” Heavy Knight class. Disowned and cast out, he regains memories of another life—and realizes this world mirrors a VR game he once mastered. Armed with knowledge no one else possesses, he sets out to rewrite his fate and prove the strength of the “weakest” class.<br> <br> (Source: Crunchyroll)",JP,True,#転生重騎士,https://s4.anilist.co/file/anilistcdn/media/anime/cover/medium/bx180136-gtMTCRlOD4OE.jpg,#50c9fe,,youtube,uC13b3_8riU,Elymas Edvan;Luce Rubis;Maris Edvan;Ares;Teal,Nekoko (Original Story);Jaian (Original Character Design);Shingo Suzuki (Chief Director);Katsumasa Yokomine (Director);Takayuki Uchida (Character Design),Official Site;Twitter;Crunchyroll;YouTube;Bilibili TV;iQ,False,The Exiled Reincarnated Heavy Knight Is Unrivaled in Game Knowledge;Juukishi;Kesatria Kelas Berat Tereinkarnasi yang Diasingkan Jadi Tanpa Tanding Dengan Pengetahuan Gimnya;เกิดใหม่เป็นอัศวินเกราะหนักผู้ถูกขับไล่แต่ใช้ความรู้จากเกมจนไร้เทียมทาน,https://anilist.co/anime/180136,1791540030,1792077960,16,2026-10-09T10:59:21.426827+00:00,anilist
203490,63061.0,Uchi no Otouto-domo ga Sumimasen,Please Excuse My Younger Brothers,うちの弟どもがすみません,Uchi no Otouto-domo ga Sumimasen,TV,24.0,24.0,RELEASING,MANGA,SUMMER 2026,2026,Lay-duce;Aniplex;Shueisha;ABC Animation;TOKYO MX;BS11;Studio Flag;Movic;HIKE;whomor,Lay-duce,Comedy;Romance;Slice of Life,Shoujo;Family Life;Heterosexual;Female Protagonist;Inseki;Male Harem;School;Crossdressing;Urban,,68.0,70.0,0,0,11625,0,11625,171,5760,130,253,634,4848,2026-07-04,,,,"The manga centers on high school student Ito Hazui. During her spring break at the end of her first year of high school, Ito's mother remarries, and Ito moves to live with her new family, becoming Ito Narita. Upon arriving at her new house, Ito is shocked to learn she now has four younger step-brothers. Ito tries her hardest to get along with all of the new members of her family, but the eldest brother Gen is a bit cold to her. However, under his aloof facade, he occasionally shows his kindness. <BR><BR> (Source: Anime News Network)",JP,True,#うち弟アニメ #うちの弟どもがすみません,https://s4.anilist.co/file/anilistcdn/media/anime/cover/medium/bx203490-YQXiymUiDQNA.jpg,#fef150,,youtube,P927_ZvgUUg,Ito Narita;Gen Narita;Syu Narita;Rui Narita;Raku Narita,Akira Ozaki (Original Creator);Hitoshi Nanba (Director);Megumi Shimizu (Series Composition);Youko Fukushima (Character Design);Shiori Hiraiwa (Character Design),Official Site;Twitter;Crunchyroll,False,Sorry About My Little Brothers;UchiOto;うち弟,https://anilist.co/anime/203490,1791540058,1791558000,14,2026-10-09T10:59:21.428093+00:00,anilist
207809,63489.0,Sora wa Akai Kawa no Hotori,Red River,天は赤い河のほとり,Sora wa Akai Kawa no Hotori,TV,24.0,23.0,RELEASING,MANGA,SUMMER 2026,2026,Tatsunoko Production;Nippon Television Network;VAP;BS Nittele;NTV Music,Tatsunoko Production,Action;Adventure;Drama;Fantasy;Romance,Female Protagonist;Shoujo;Politics;Royal Affairs;Historical;Magic;Isekai;Swordplay;Kingdom Management;Heterosexual,,62.0,62.0,0,0,11360,0,11360,115,4278,62,269,1423,5328,2026-07-08,,,,"After a mysterious hand drags her beneath a puddle, modern Japanese teenager Yuri awakens in the Hittite Empire of the 14th century BCE. Thrust into a deadly struggle for the throne, she joins Prince Kail to battle assassins, outwit royal conspiracies, and survive a world at war. As her exploits earn her renown as the goddess Ishtar, Yuri must choose between her old life and an uncertain future. <br><br> (Source: Crunchyroll)",JP,True,#アニメ天河,https://s4.anilist.co/file/anilistcdn/media/anime/cover/medium/bx207809-cpS7CAyjN7iP.jpg,#e4bb5d,,youtube,qpFcQ1Bek08,Yuri Suzuki;Kail Mursili;Usel Ramses;Kikkuri;Il Bani,Chie Shinohara (Original Creator);Kousuke Kobayashi (Director);Yoriko Tomita (Series Composition);Kenji Fujisaki (Character Design);Hiroto Morishita (Sound Director),Official Site;Twitter;TikTok;Crunchyroll,False,Anatolia Story,https://anilist.co/anime/207809,1791540071,1791909300,15,2026-10-09T10:59:21.428119+00:00,anilist
214703,64718.0,Ghost Meets Gal!,,ごーすと・みーつ・ぎゃる！,Ghost Meets Gal!,TV_SHORT,,2.0,RELEASING,MANGA,SUMMER 2026,2026,AtoriE,AtoriE,Comedy;Fantasy,Gyaru;Ghost;Primarily Female Cast;Idol,,53.0,63.0,0,0,1330,0,1330,16,553,15,16,44,702,2026-09-05,,,,,JP,True,#ごみぎゃ #ヴァンガード,https://s4.anilist.co/file/anilistcdn/media/anime/cover/medium/bx214703-iXoaVH6UkiZd.png,#5daee4,,youtube,n0na0hTpl1E,Santy;Lubna,KaeruDX (Original Creator);Takaaki Kidani (Original Plan);Kenshirou Morii (Director);Mitsuru Tsukiumi (Character Design);Hiroki Urakari (Sound Director),Twitter;Official Site;YouTube;YouTube,False,,https://anilist.co/anime/214703,1791536631,1791586800,6,2026-10-09T10:59:21.428714+00:00,anilist
212617,64373.0,Inaka ni wa Kore Kurai Shika Goraku ga nai,,田舎にはこれくらいしか娯楽がない,Inaka ni wa Kore Kurai Shika Goraku ga nai,OVA,,16.0,RELEASING,OTHER,SUMMER 2026,2026,Bunny Walker;T-REX;Lune Pictures,T-REX,Hentai,Heterosexual;Teacher;Large Breasts;Male Protagonist;Threesome;Nakadashi;Defloration;LGBTQ+ Themes;Bisexual;Yuri,,67.0,74.0,0,0,789,0,789,41,227,132,73,24,333,2026-07-31,,,,"A teacher who, after failing at job hunting, turned to relatives in the countryside and now works as a private tutor. His student, Saya, presents herself as a respectable, demure young woman in public, but... ? When it comes to private lessons with her tutor, she can’t contain her carnal desires, making him undo her underwear and begging for his reward... He teaches her every inch of sexual pleasure, feeding her lust-filled body to the brim! Tonight, too, her moans echo through the room...! <br><br> (Source: Lune-soft, translated)",JP,True,,https://s4.anilist.co/file/anilistcdn/media/anime/cover/medium/bx212617-hHf09tkVkiGz.png,#f15d93,,,,,Ken Raika (Director);Megane Sagari (Storyboard);Tokku03 (Script);Shayo (Original Creator),,True,Not Much Else to Do in the Countryside,https://anilist.co/anime/212617,1791536778,0,0,2026-10-09T10:59:21.428827+00:00,anilist
213733,64531.0,Kanojo Saimin,,彼女催眠,Kanojo Saimin,OVA,,,RELEASING,OTHER,SUMMER 2026,2026,Lune Pictures;Bunny Walker;T-REX,T-REX,Hentai,Memory Manipulation,,61.0,69.0,0,0,636,0,636,26,174,96,48,14,304,2026-08-28,,,,"Koto Tenryuuji acts completely indifferent and aloof. She’s the daughter of a massive conglomerate—a true “unattainable beauty”—but with just a single hypnotic suggestion, she turns into a love-struck girlfriend! Convinced of his false affection, she starts seeking him out on her own… Even though it’s her first time, she cums over and over just from being touched! With her actively seeking him out, he savors every inch of her body all day long, leaving nothing to be desired! No matter how many times he cums inside her, no matter how many times he makes her come, she feels nothing but happiness…!? <br><br> (Source: Lune-soft, translated)",JP,True,,https://s4.anilist.co/file/anilistcdn/media/anime/cover/medium/bx213733-cZ0bFNkypDtV.png,#bba135,https://s4.anilist.co/file/anilistcdn/media/anime/banner/213733-cEurdb2TrsmQ.jpg,,,Koto Tenryuuji;Yui Shiratori;Akira Kurosaki,santa (Original Creator),,True,,https://anilist.co/anime/213733,1791540058,0,0,2026-10-09T10:59:21.428898+00:00,anilist
211338,64095.0,Harem-tou e Youkoso!,,ハーレム島へようこそ！,Harem-tou e Youkoso!,OVA,1.0,,RELEASING,VISUAL_NOVEL,SUMMER 2026,2026,Collaboration Works petit,Collaboration Works petit,Hentai,Female Harem,,51.0,58.0,0,0,593,0,593,28,109,98,43,16,327,2026-07-31,,,,"Based on the erotic game by Resta. <br><br> It's summer. You and your friends are on vacation, when suddenly the sea carries your boat away to an unknown island in another world. This island—Paradisiem Island—is small, with one village. According to the village chief, the island's Guardian Deity foresaw the arrival of you and your friends, and they want you to help the island return to its former glory. Without more tourists, there aren't enough people to worship the Guardian Deity, whose powers you need to return to your home world. Work together with your friends, Sahoto, Mei, and Chiyo, as well as some new friends you make on the island, to help it grow and prosper into a popular tourist destination! <br><br> (Source: Steam)",JP,True,,https://s4.anilist.co/file/anilistcdn/media/anime/cover/medium/bx211338-If49uIjNKPgt.png,#e4ae50,,,,,Oekakizuki (Original Character Design),,True,Welcome to Paradise Island!;Harem Shima e Youkoso!,https://anilist.co/anime/211338,1791536864,1793286000,2,2026-10-09T10:59:21.428941+00:00,anilist
213359,64435.0,Yami Shibai 17,Theatre of Darkness: Yamishibai 17,闇芝居 十七期,Yami Shibai 17,TV_SHORT,,,RELEASING,ORIGINAL,SUMMER 2026,2026,ILCA,ILCA,Horror;Supernatural,Episodic,,,51.0,0,0,505,0,505,10,131,14,14,27,319,2026-07-13,,,,Seventeenth season of <i>Yami Shibai</i>.,JP,True,#闇芝居,https://s4.anilist.co/file/anilistcdn/media/anime/cover/medium/bx213359-VDIZoZHMA0LI.jpg,,,,,Kamishibaiya,Akira Funada (Director);Akira Funada (Producer);Mitsuhiro Sasaki (Script);Kanako Ishigami (Script);Fuurin (Theme Song Performance (ED)),TikTok;Twitter;Official Site;YouTube,False,Yamishibai: Japanese Ghost Stories Seventeenth Season,https://anilist.co/anime/213359,1791536727,0,0,2026-10-09T10:59:21.428980+00:00,anilist
213066,64404.0,Muramata-san no Aijou,,村又さんの愛情,Muramata-san no Aijou,OVA,3.0,20.0,RELEASING,MANGA,SUMMER 2026,2026,Queen Bee;Mediabank,,Hentai,,,,78.0,0,0,454,0,454,19,68,14,21,15,336,2026-09-11,2026-11-13,,,"Murakami-san, a boss beloved by everyone, and his subordinate Kaji-kun, have a secret. Murakami-san is clingy and easily moved to tears, and she and her subordinate Kaji-kun are lovers. And she has a split tongue. <br><br> (Source: Getchu, translated)",JP,True,,https://s4.anilist.co/file/anilistcdn/media/anime/cover/medium/bx213066-6gYdsenxcjWx.png,,https://s4.anilist.co/file/anilistcdn/media/anime/banner/213066-Y3rcsqcukLBm.jpg,,,Muramata;Kaji,Kusu Igumo (Original Creator),,True,,https://anilist.co/anime/213066,1791536747,1794495600,3,2026-10-09T10:59:21.429046+00:00,anilist
198044,64053.0,Juurin Oukoku: Elf Oukoku wa Kyodai Naedoko ni,,蹂躙王国 エルフ王国は巨大苗床に,Juurin Oukoku: Elf Oukoku wa Kyodai Naedoko ni,OVA,2.0,30.0,RELEASING,VISUAL_NOVEL,SUMMER 2026,2026,Anime Antenna Iinkai;GOLD BEAR;Mediabank,Anime Antenna Iinkai,Fantasy;Hentai,Elf;Fellatio;Double Penetration;Rape;Interspecies,,,46.0,0,0,359,0,359,15,83,28,28,14,206,2026-07-03,,,,"Based on the erotic game by ZION. <br><br> The Orc King’s plan was to force the elven maidens to bear child after child, turning them into breeding machines, and subject them to every conceivable form of depravity. A massive orc army invades the kingdom. Female soldiers are captured one after another. Unable to halt their advance, Leona throws herself into the fray to protect the princess and buy her time to escape. Meanwhile, Clarice had supposedly fled to a neighboring country to seek help, but… <br><br> (Source: Mediabank, translated)",JP,True,,https://s4.anilist.co/file/anilistcdn/media/anime/cover/medium/bx198044-0zDaRzQa1fk9.png,#e48643,https://s4.anilist.co/file/anilistcdn/media/anime/banner/198044-yMoNFMNlXj75.jpg,,,Clarice;Leona;Kikyou;Sumire,ZION (Original Creator);Teruaki Murakami (Director);Bokkingu (Original Character Design);Chikubi (Original Character Design),,True,,https://anilist.co/anime/198044,1791537994,1801753200,2,2026-10-09T10:59:21.429088+00:00,anilist
213067,64405.0,Netorareta Bakunyuu Tsuma-tachi 2,,寝取られた爆乳妻たち2,Netorareta Bakunyuu Tsuma-tachi 2,OVA,2.0,20.0,RELEASING,MANGA,SUMMER 2026,2026,Queen Bee;Mediabank,,Hentai,,,,73.0,0,0,353,0,353,10,64,25,15,14,235,2026-09-18,2026-10-16,,,"<i>Big Dick Next Door</i><br> Megumi, an older wife. She hasn’t had sex with her husband in a while, so her morning masturbation sessions have been getting more intense. Tsuyoshi, a college student who lives next door, rings the doorbell, comes inside, and pushes Megumi down. He rips off her clothes, presses his hard cock against her face, and starts rubbing it vigorously before forcing it into her mouth and unloading a massive load of cum. Then, as Megumi tries to escape, he grabs both her hands from behind, forces himself inside her, and cums deep inside her! That day, Tsuyoshi’s sexual appetite went on and on. The next morning, after seeing her husband off at the front door, she is suddenly hugged tightly from behind. It was Tsuyoshi standing there. Her calm, pleasant facade shatters, and her true nature—that of a woman with insatiable sexual desire—is exposed by Tsuyoshi. <br><br> (Source: Mediabank, translated)",JP,True,,https://s4.anilist.co/file/anilistcdn/media/anime/cover/medium/bx213067-KYqjKEUZ6tBM.png,#f1ae93,,,,,Gagarin Kichi (Original Creator),,True,,https://anilist.co/anime/213067,1791536747,1792076400,2,2026-10-09T10:59:21.429106+00:00,anilist
213506,64378.0,Hokuto no Ken: Kenou-gun Zako-tachi no Banka Part 2,,北斗の拳 拳王軍ザコたちの挽歌 第2クール,Hokuto no Ken: Kenou-gun Zako-tachi no Banka Part 2,TV_SHORT,,4.0,RELEASING,MANGA,SUMMER 2026,2026,Doraku;Frontier Works;AT-X;Coamix;brainsync;arma bianca,Doraku,Comedy,Flash,,,60.0,0,0,341,0,341,3,98,28,12,28,175,2026-07-06,,,,,JP,True,#北斗の拳アニメ #hokuto_anime,https://s4.anilist.co/file/anilistcdn/media/anime/cover/medium/bx213506-vr9kwJjMvXV8.jpg,#febb50,,youtube,ZPqIvoDeMT0,,Tetsuo Hara (Original Creator);Yoshiyuki Okamura (Original Creator),Official Site;YouTube,False,,https://anilist.co/anime/213506,1791536716,0,0,2026-10-09T10:59:21.429122+00:00,anilist
212575,64291.0,Sare Tsuma wa Ubawaretai,,サレ妻は奪われたい,Sare Tsuma wa Ubawaretai,OVA,,,RELEASING,ORIGINAL,SUMMER 2026,2026,Nur,Nur,Hentai,,,,65.0,0,0,315,0,315,10,90,16,22,8,179,2026-08-28,,,,,JP,True,,https://s4.anilist.co/file/anilistcdn/media/anime/cover/medium/bx212575-92x6aBTN9JCL.png,#f1a15d,,,,,,,True,,https://anilist.co/anime/212575,1791536781,1795705200,2,2026-10-09T10:59:21.429150+00:00,anilist
213732,64530.0,Mujikaku na Osananajimi to Kyoumi Honi de Yatte Mitara THE ANIMATION,,無自覚な幼馴染と興味本位でヤってみたら THE ANIMATION,Mujikaku na Osananajimi to Kyoumi Honi de Yatte Mitara THE ANIMATION,OVA,,20.0,RELEASING,MANGA,SUMMER 2026,2026,Pink Pineapple;Seven,Seven,Hentai,,,,87.0,0,0,280,0,280,10,42,8,14,11,205,2026-09-25,,,,"Meiko, a beautiful, quiet, and academically gifted classmate, only shows her relaxed side in front of her childhood friend, Hiroki. Today, she comes to his room to hang out, and Hiroki can't help but glance at her body as she relaxes in light clothing. When she points it out, Hiroki blushes with embarrassment, but Meiko unexpectedly asks, ""Well, do you want to touch me?"" Their curiosity leads them to explore each other's bodies, which eventually escalates to sex... <br><br> (Source: PinkPineapple, translated)",JP,True,,https://s4.anilist.co/file/anilistcdn/media/anime/cover/medium/bx213732-pPypc7kubQJ3.png,#d61a43,,,,,Gen (Original Creator);Satoru Matsuura (Director);Satoru Matsuura (Storyboard),,True,,https://anilist.co/anime/213732,1791540121,1793286000,3,2026-10-09T10:59:21.429182+00:00,anilist
213686,64529.0,NTR Kishi,,NTR騎士,NTR Kishi,OVA,,,RELEASING,OTHER,SUMMER 2026,2026,Majin petit,Majin petit,Hentai,,,,68.0,0,0,248,0,248,8,34,8,11,12,183,2026-09-25,,,,"Based on the erotic doujin game by Sensouya-san (戦争屋さん). <br><br> Coleus, a knight-in-training, attends a training academy. His new instructor turns out to be his childhood friend, Artel. <i>""It's been a long time, Coleus.""</i> Coleus rejoices at reuniting with Artel, who has grown into a beautiful and strong woman. However, Artel quickly incurs the wrath of a fellow instructor, Lock. Lock, plotting to bring Artel down, seizes her wicked hands and robs her of her mental freedom. In front of her childhood friend, her voluptuous breasts are ravaged, and her virginity is taken. Lock's brutal acts escalate, and while Artel remains unconscious, her body, trained as a female knight, is transformed into that of a female. The joy of their reunion is the beginning of a nightmare. The proud knight's soul is corrupted (NTR) by a despicable trap. <br><br> (Source: Getchu, translated)",JP,True,,https://s4.anilist.co/file/anilistcdn/media/anime/cover/medium/bx213686-HMUnc0zUKiTw.png,#e4aebb,,,,,,,True,the fallen knight,https://anilist.co/anime/213686,1791536703,1795705200,2,2026-10-09T10:59:21.429194+00:00,anilist
212308,64210.0,Pan no Akachan (TV),,パンの赤ちゃん,Pan no Akachan (TV),TV_SHORT,,2.0,RELEASING,ORIGINAL,SUMMER 2026,2026,dwarf;CHOCOLATE,CHOCOLATE,Comedy,Stop Motion;Anthropomorphism;Food;Chibi;Restaurant;Iyashikei;No Dialogue,,,55.0,0,0,244,0,244,1,94,0,10,40,100,2026-07-04,,,,,JP,True,#パンの赤ちゃん,https://s4.anilist.co/file/anilistcdn/media/anime/cover/medium/bx212308-HUdh20Djd7cm.jpg,#1abbd6,,youtube,NGwgoL0TvI8,,Haruka Ichikawa (Director);Riki Furman (Character Design);Yuuto Suda (Editing);Ryuu Ogata (Editing);Takao Ogi (Music),Twitter;Official Site;YouTube;Instagram;YouTube,False,Babies of Bread;Hey! パンの赤ちゃん;Hey! Pan no Akachan,https://anilist.co/anime/212308,1791450433,1791588600,15,2026-10-09T10:59:21.429212+00:00,anilist
214855,64725.0,Fate/Grand Order: Fujimaru Ritsuka wa Wakaranai Season 4,,Fate/Grand Order 藤丸立香はわからない Season4,Fate/Grand Order: Fujimaru Ritsuka wa Wakaranai Season 4,ONA,,2.0,RELEASING,MANGA,SUMMER 2026,2026,DLE,DLE,Comedy,,,,66.0,0,0,214,0,214,3,81,8,9,15,101,2026-08-07,,,,The fourth season of <i>Fate/Grand Order: Fujimaru Ritsuka wa Wakaranai</i>.,JP,True,#FGO #謎丸,https://s4.anilist.co/file/anilistcdn/media/anime/cover/medium/b214855-PbAsjXJq3NB7.jpg,#2878fe,,,,Ritsuka Fujimaru;Mash Kyrielight;Leonardo da Vinci;Goredolf  Musik;Sion Eltnam Atlasia,Type-Moon (Original Creator);Tsuchida (Character Design);Tsuchida (Director);Tsuchida (Editing);Tsuchida (Script),Official Site;Official Site;Twitter;YouTube,False,Fate/Grand Order: You've Lost Ritsuka Fujimaru Season 4,https://anilist.co/anime/214855,1791536621,0,0,2026-10-09T10:59:21.429246+00:00,anilist
214551,,Oushun Jogakuen no Danyuu,,桜春女学院の男優,Oushun Jogakuen no Danyuu,ONA,,,RELEASING,OTHER,SUMMER 2026,2026,Uinna Love,,Hentai,,,,60.0,0,0,198,0,198,6,66,11,12,6,103,2026-09-25,,,,"Oushun Girls’ Academy is a school attended by young women from noble families. The protagonist is hired there as a janitor. However, that is just his cover. His true role is that of an “actor”. All the students are from wealthy, high-society families. Scandals are strictly forbidden. —Consequently, the female students’ sexual desires are all the more intense and twisted. His job is to play the role of their “ideal man”. That is the duty assigned to the protagonist. His first client is “Saeki Ichijou”. She is the student council president, excelling in both academics and athletics, and comes from a prestigious family that has even produced a prime minister—a person truly destined to lead others. However, she harbors a secret sexual fetish she cannot reveal to anyone. To satisfy her, the protagonist plays a role: that of her “ideal man”… her “Master”. <br><br> (Source: Fanza, translated)",JP,True,,https://s4.anilist.co/file/anilistcdn/media/anime/cover/medium/bx214551-uDaf7UPVxN2v.jpg,#f128a1,,,,,Shayo (Original Creator),,True,Backstage at Oushun Academy,https://anilist.co/anime/214551,1791536640,0,0,2026-10-09T10:59:21.429259+00:00,anilist
213427,64325.0,Pie no Mi: Oshi no Mori e Youkoso!,,パイの実 おしの森へようこそ！,Pie no Mi: Oshi no Mori e Youkoso!,ONA,8.0,2.0,RELEASING,OTHER,SUMMER 2026,2026,Lotte Entertainment;TOHO animation STUDIO,TOHO animation STUDIO,Comedy,Primarily Animal Cast;Food;Advertisement;Animals;Ensemble Cast,,,53.0,0,0,74,0,74,1,18,3,3,25,25,2026-06-22,,,,"Lotte's snack brand <i>Pie no Mi</i> animated series which will be released on Lotte's official YouTube channel, with one episode released each month.",JP,True,#パイの実 #推しの森,https://s4.anilist.co/file/anilistcdn/media/anime/cover/medium/bx213427-lRj8vpcMoPLG.png,#e4d65d,,youtube,019tI1mFQes,,LOTTE (Original Creator);Kazunori Minagawa (Director);Miki Minagawa (Director);Yuuji Tange (Sound Director);Misaki Umase (Music),Twitter;Official Site;YouTube;YouTube,False,,https://anilist.co/anime/213427,1791450352,0,0,2026-10-09T10:59:21.429346+00:00,anilist
213426,64578.0,Chikyuu Daisuki! Kikkun,,地球大好き！きっくん,Chikyuu Daisuki! Kikkun,TV_SHORT,52.0,2.0,RELEASING,ORIGINAL,SUMMER 2026,2026,Kachidoki Studio,Kachidoki Studio,Sci-Fi,,,,35.0,0,0,70,0,70,1,18,2,2,28,20,2026-07-01,,,,"The anime centers on Kikkun, an extraterrestrial life form who came from a distant planet to invade Earth. But the invasion team members assigned in Japan finds the country comfortable, and now wants to protect Japan and Earth, forgetting their original motive. <br><br> (Source: Anime News Network)",JP,True,,https://s4.anilist.co/file/anilistcdn/media/anime/cover/medium/bx213426-6CWFD7ZbHbQJ.png,#43aef1,,,,,Yuuichi Nakamura (Original Creator);Takeshi Onaka (Director);Yuuichi Nakamura (Character Design);Yuu Saitou (Sound Director);Takeshi Onaka (Script),,False,Earth Loving Kikkun!,https://anilist.co/anime/213426,1791536723,0,0,2026-10-09T10:59:21.429362+00:00,anilist
216643,64873.0,Matsuken Anime: Kore Seibaishite mo Ii desu ka?,,マツケンアニメ~コレ成敗してもいいですか？～,Matsuken Anime: Kore Seibaishite mo Ii desu ka?,ONA,,2.0,RELEASING,OTHER,SUMMER 2026,2026,Hakuhodo;Kayac Animation;Tatsunoko Production;Tohan,,Music,Male Protagonist;Chibi;Flash,,,60.0,0,0,31,0,31,1,11,2,1,9,8,2026-08-29,,,,"The anime centers on the character Matsuken and his dog partner Matsu Inu, who cheerfully ""vanquish"" various hazy feelings or frustrations of the everyday modern life. <br><br> (Source: AnimeNewsNetwork)",JP,True,#マツケンアニメ,https://s4.anilist.co/file/anilistcdn/media/anime/cover/medium/bx216643-QwcfobjfgC8f.jpg,#e4bb5d,,youtube,uOj6eVKSMQo,Matsuken;Matsu Inu,Ken Matsudaira (Insert Song Performance);Kyouko Yoshimime (Insert Song Lyrics);Akira Miyagawa (Insert Song Composition);Akira Miyagawa (Insert Song Arrangement),Twitter;YouTube,False,Matsuken Anime: Can I Pass Judgment on This?,https://anilist.co/anime/216643,1791450116,0,0,2026-10-09T10:59:21.429395+00:00,anilist
195516,61987.0,Kusuriya no Hitorigoto 3rd Season,The Apothecary Diaries Season 3,薬屋のひとりごと 第3期,Kusuriya no Hitorigoto 3rd Season,TV,12.0,24.0,RELEASING,LIGHT_NOVEL,FALL 2026,2026,Toho;OLM;Nippon Television Network;Imagica Infos;OLM;Dentsu;Shogakukan;Square Enix,OLM,Drama;Mystery,Medicine;Female Protagonist;Politics;Ancient China;Detective;Royal Affairs;Historical;Heterosexual;Seinen;Class Struggle,,85.0,86.0,0,79,92299,0,92299,2044,38141,1104,603,125,52326,2026-10-02,,,,"In the aftermath of the Shi Clan’s rebellion, things have finally settled down, and Maomao has returned to her old life as a pharmacist in the pleasure district. <br><br> One day, triggered by a breakfast served at the Verdigris House, Maomao senses an anomaly and begins investigating its true nature. <br><br> Meanwhile, Jinshi, who has revealed his true identity as the Imperial brother and begun to face his heavy responsibilities, is deeply troubled by the final message left by Loulan: a warning of an impending ""disaster that will strike the nation."" <br><br> To make matters worse, rumors of a mysterious shrine maiden who deceives the people begin to spread, casting a dark shadow over the country of Li once again. <br><br> From the depths of the inner court to the city streets, and across foreign borders—the world grows wider, and the stakes even higher for Maomao and Jinshi. <br><br> (Source: Crunchyroll)",JP,True,#薬屋のひとりごと,https://s4.anilist.co/file/anilistcdn/media/anime/cover/medium/bx195516-MJpUZlOberqH.jpg,#e4a128,https://s4.anilist.co/file/anilistcdn/media/anime/banner/195516-B5M0cPaQbQXI.jpg,youtube,YvNvvUeCztE,Maomao;Jinshi;Lakan;Gaoshun;Meimei,Natsu Hyuuga (Original Story);Touko Shino (Original Character Design);Akinori Fudesaka (Director);Wataru Nakagawa (Assistant Director);Norihiro Naganuma (Series Composition),Twitter;Official Site;Crunchyroll;Netflix,False,,https://anilist.co/anime/195516,1791540027,1791554400,2,2026-10-09T10:59:21.429430+00:00,anilist
195604,61967.0,Black Clover 2nd Season,Black Clover Season 2,ブラッククローバー 第2期,Black Clover 2nd Season,TV,,24.0,RELEASING,MANGA,FALL 2026,2026,Studio Pierrot;TV Tokyo;Shueisha;Studio Pierrot;Avex Pictures;Bandai Namco Entertainment,Studio Pierrot,Action;Adventure;Comedy;Fantasy,Magic;Male Protagonist;Shounen;Demons;Rescue;War;Medieval,,87.0,87.0,0,40,84779,0,84779,2494,37550,1425,646,162,44996,2026-10-03,,,,"As tyranny engulfs the Clover Kingdom, Asta and the Magic Knights launch a desperate raid on the Spade Kingdom to rescue their squad captains from the Dark Triad. But their mission leads them into a brutal battle against forces beyond anything they’ve ever faced. Now, Asta must rise above impossible odds to protect his friends and honor the promise he made to Yuno. <br><br> (Source: Crunchyroll)",JP,True,#ブラッククローバー,https://s4.anilist.co/file/anilistcdn/media/anime/cover/medium/bx195604-tSZcfKbVqSEG.jpg,#f1a143,,youtube,4MYo8FfiXMA,Asta;Yuno;Noelle Silva;Liebe;Nacht Faust,Yuuki Tabata (Original Creator);Ayataka Tanemura (Director);Keiichirou Oochi (Series Composition);Itsuko Takeda (Character Design);Kumiko Tokunaga (Sub Character Design),Crunchyroll;Twitter;Twitter;Official Site;Bilibili TV;iQ,False,,https://anilist.co/anime/195604,1791540030,1791640800,2,2026-10-09T10:59:21.429455+00:00,anilist
195539,61990.0,Cyberpunk: Edgerunners 2,Cyberpunk: Edgerunners 2,サイバーパンク: エッジランナーズ2,Cyberpunk: Edgerunners 2,ONA,10.0,,NOT_YET_RELEASED,VIDEO_GAME,FALL 2026,2026,TRIGGER;CD PROJEKT RED;Netflix,TRIGGER,Action;Drama;Sci-Fi,Cyberpunk;Cyborg;Urban;Dystopian;Crime;Guns;Gore,,,,0,0,75575,38,75575,936,7816,394,515,80,66770,2026-10-20,,,,"<i>Cyberpunk: Edgerunners 2</i> pulls you back into Night City, where lives become entangled to the extreme. Weak, a washed-up cyberpunk legend, is now forced to live without chrome as he searches for a sense of purpose in a world that’s passed him by. Meanwhile, the deadly nomad D sets out on a path to revenge that brings him close to corpo secrets never meant to be found. Across this ten-episode standalone series, uncover a story of family, obsession, legacy — and how your lens reflects the stories of the people around you..<br><br>  When the world is blinded by spectacle, what extremes do you have to go to make your story matter?<br><br> (Source: Cyberpunk: Edgerunners 2 Official Site, Official Twitter)",JP,True,#エッジランナーズ #Edgerunners,https://s4.anilist.co/file/anilistcdn/media/anime/cover/medium/bx195539-jaarfaxv6K0Z.jpg,#1ac9e4,https://s4.anilist.co/file/anilistcdn/media/anime/banner/195539-2obqrBzqrOSR.jpg,youtube,iiuRyNg3giw,Weak Kingsley;D;Roman Carax;Talia Yang;Avida Yang,Mike Pondsmith (Original Creator);Kai Ikarashi (Director);Naoto Uchida (Assistant Director);Masahiko Ootsuka (Series Composition);Bartosz Sztybor (Series Composition),Twitter;Official Site;Netflix;Official Site,False,サイバーパンク: エッジランナーズ II;Cyberpunk: Edgerunners II,https://anilist.co/anime/195539,1791540042,1792479600,1,2026-10-09T10:59:21.429476+00:00,anilist
159042,53913.0,Tensei Shitara Ken Deshita 2nd Season,Reincarnated as a Sword Season 2,転生したら剣でした 第2期,Tensei Shitara Ken Deshita 2nd Season,ONA,12.0,23.0,RELEASING,LIGHT_NOVEL,FALL 2026,2026,NBCUniversal Entertainment Japan;C2C,C2C,Action;Adventure;Fantasy,Female Protagonist;Magic;Nekomimi;Swordplay;Kemonomimi;Ships;Male Protagonist;Isekai;Medieval;Cute Girls Doing Cute Things,,75.0,76.0,0,0,47710,0,47710,778,16636,325,408,221,30120,2026-10-01,,,,"The second season of <i>Tensei Shitara Ken Deshita</i>.<br><br> <i>Note: Each episode was streamed one week in advance of the TV broadcast starting on October 1, 2026 on Abema. Regular broadcasting began on October 8, 2026.</i>",JP,True,#転生したら剣でした #転剣,https://s4.anilist.co/file/anilistcdn/media/anime/cover/medium/bx159042-GGFwlDskc5vR.png,#f19328,https://s4.anilist.co/file/anilistcdn/media/anime/banner/159042-X0mqyaUFBkms.jpg,youtube,kbtRqqa2GyA,Fran;Shishou;Urushi;Jean du Vix;Lich,Yuu Tanaka (Original Story);Ruroo (Original Character Design);Shinji Ishihira (Director);Takahiro Nagano (Series Composition);Satoshi Sakai (Action Director),Twitter;Official Site;HIDIVE;Amazon Prime Video;iQ;YouTube;Bilibili TV,False,Reincarnated as a Sword II;I Became the Sword by Transmigrating 2;TenKen 2;ซวยเหลือหลาย เกิดใหม่กลายเป็นดาบ ภาค 2;TENKEN - Reincarnato in una spada,https://anilist.co/anime/159042,1791541636,1791991800,3,2026-10-09T10:59:21.429499+00:00,anilist
189123,61323.0,Ao no Hako Season 2,Blue Box Season 2,アオのハコ Season２,Ao no Hako Season 2,TV,12.0,24.0,RELEASING,MANGA,FALL 2026,2026,Electric Circus;TMS Entertainment;Shueisha;TBS;Toho,Electric Circus,Romance;Slice of Life;Sports,Primarily Teen Cast;Heterosexual;School;Iyashikei;Badminton;Male Protagonist;Coming of Age;Athletics;School Club;Basketball,,80.0,82.0,0,308,44177,0,44177,691,17583,300,334,156,25804,2026-10-04,,,,The second season of <i>Ao no Hako</i>. ,JP,True,#アオのハコ #アニハコ,https://s4.anilist.co/file/anilistcdn/media/anime/cover/medium/bx189123-0secXELIhkIW.jpg,#e4ae50,https://s4.anilist.co/file/anilistcdn/media/anime/banner/189123-s2oirY2r1Svy.jpg,youtube,hJ6Y8PAOUk8,Chinatsu Kano;Taiki Inomata;Hina Chouno;Kyou Kasahara;Kengo Haryuu,Kouji Miura (Original Creator);Daisuke  Sakou (Director);Yuuko Kakihara (Series Composition);Miho Tanino (Character Design);Anri Ishida (Art Director),Twitter;Official Site;Netflix,False,Ao no Hako 2nd Season;アオのハコ 第2期,https://anilist.co/anime/189123,1791540031,1791703800,2,2026-10-09T10:59:21.429523+00:00,anilist
160275,54250.0,Made in Abyss: Mezameru Shinpi,,メイドインアビス 目覚める神秘,Made in Abyss: Mezameru Shinpi,MOVIE,1.0,,NOT_YET_RELEASED,MANGA,FALL 2026,2026,Kinema Citrus,Kinema Citrus,Adventure;Drama;Fantasy;Horror;Mystery;Sci-Fi,Travel;Survival;Chibi;Curses;Seinen;Primarily Child Cast;Gore;Monster Girl;Female Protagonist;Male Protagonist,,,,0,0,42695,197,42695,540,2248,812,309,95,39231,2026-10-23,,,,Sequel to <i>Made in Abyss: Retsujitsu no Ougonkyou.</i><br><br> ,JP,True,#miabyss #メイドインアビス,https://s4.anilist.co/file/anilistcdn/media/anime/cover/medium/bx160275-cBOWJpcCGeMq.jpg,#e4d643,,youtube,Sy7cLG6XHRY,Riko;Reg;Nanachi;Faputa;Tepasté,Akihito Tsukushi (Original Creator);Masayuki Kojima (Director);Kazuchika Kise (Character Design);Yuka Kuroda (Character Design);Osamu Masuyama (Art Director),Twitter;Official Site,False,Made In Abyss 3;Made in Abyss: Awakening Mystery,https://anilist.co/anime/160275,1791541505,1792681200,1,2026-10-09T10:59:21.429546+00:00,anilist
143103,50668.0,Mahoutsukai no Yoru,Witch on the Holy Night,魔法使いの夜,Mahoutsukai no Yoru,MOVIE,1.0,,NOT_YET_RELEASED,VISUAL_NOVEL,FALL 2026,2026,ufotable;Aniplex;Notes;ufotable,ufotable,Action;Drama;Fantasy,Magic;Urban Fantasy;Witch;Urban;Female Protagonist;Kuudere;Fairy Tale;School;Ensemble Cast;Male Protagonist,,,,0,0,41017,206,41017,475,1880,131,264,61,38681,2026-11-20,,,,"Aoko Aozaki, an ordinary high school girl, is actually a Magician who lives in the modern world...though she is still only an apprentice. As she spends her days living alongside her housemate, Alice Kuonji, striving to become a full-fledged Magician...<br> <br> The girl meets a boy.<br> <br> This is the beginning of one young girl’s story — the tale of a Witch.<br> <br> (Source: Crunchyroll)",JP,True,#魔法使いの夜,https://s4.anilist.co/file/anilistcdn/media/anime/cover/medium/bx143103-vvsaIpZPpIuE.png,#f1d6ae,https://s4.anilist.co/file/anilistcdn/media/anime/banner/143103-KwDRPfPl4OwL.jpg,youtube,k1jyM2kSBzA,Aoko Aozaki;Alice Kuonji;Soujuurou Shizuki;Housuke  Kinomi;Yuika Suse,Kinoko Nasu (Original Creator);Type-Moon (Original Creator);Hirokazu Koyama (Original Character Design);Tomotaka Takeuchi (Original Character Concept);Hikaru Kondou (Chief Director),Twitter;Official Site,False,Mahoyo;Witch on the Holy Night - O Filme,https://anilist.co/anime/143103,1791543330,1795100400,1,2026-10-09T10:59:21.429569+00:00,anilist
210482,61469.0,JoJo no Kimyou na Bouken: Steel Ball Run - 2nd & 3rd STAGE,STEEL BALL RUN JoJo's Bizarre Adventure 2nd - 3rd STAGE,ジョジョの奇妙な冒険 スティール・ボール・ラン 2nd＆3rd STAGE,JoJo no Kimyou na Bouken: Steel Ball Run - 2nd & 3rd STAGE,ONA,11.0,,RELEASING,MANGA,FALL 2026,2026,david production;Warner Bros. Japan,david production,Action;Adventure;Drama;Mystery;Supernatural,Desert;Cowboys;Male Protagonist;Disability;Foreign;Travel;Super Power;Primarily Male Cast;Boys' Love;Primarily Adult Cast,,85.0,86.0,0,11,39195,0,39195,846,25233,374,159,72,13357,2026-09-25,,,,"In the 2nd STAGE, a desert crossing spanning roughly 750 miles- the land that Johnny Joestar and Gyro Zeppeli must challenge, is home to the area that is feared as the ""Devil's Palm."" In 1875, a threat lurking in said desert wiped out a cavalry of 26 people, eliciting fear from the local native people. As ominous incidents begin to unfold, they are forced to realize that this race is far more than a mere competition. The two press forward, where countless hidden motives collide..<br><br>  (Source: Warner Bros. Japan Anime, Netflix Anime, edited)",JP,True,#jojo_anime,https://s4.anilist.co/file/anilistcdn/media/anime/cover/medium/bx210482-P1VNKbqdJ6Zj.jpg,#f1ae50,https://s4.anilist.co/file/anilistcdn/media/anime/banner/210482-pYAD0IbzNbgS.jpg,youtube,jXtG_lcR9P4,Gyro Zeppeli;Johnny Joestar;Funny Valentine;Diego Brando;Hot Pants,Hirohiko Araki (Original Creator);Toshiyuki Katou (Chief Director);Hideya Takahashi (Director);Yasuhiro Kimura (Director);Yasuko Kobayashi (Series Composition),Twitter;Official Site;Instagram;Netflix,False,JoJo's Bizarre Adventure: Part 7–Steel Ball Run;SBR,https://anilist.co/anime/210482,1791540025,1792137600,4,2026-10-09T10:59:21.429602+00:00,anilist
212888,64340.0,Tempal: Item no Chikara,Overgeared,テムパル～アイテムの力～,Tempal: Item no Chikara,ONA,12.0,24.0,RELEASING,MANGA,FALL 2026,2026,J.C.STAFF;Pony Canyon;Crunchyroll;REDICE STUDIO;Kakao piccoma;Movic;EGG FIRM,J.C.STAFF,Action;Adventure;Comedy;Fantasy,Virtual World;Male Protagonist;Video Games;Slapstick;Shounen;Magic;E-Sports;Primarily Adult Cast;Swordplay,,75.0,77.0,0,0,32458,0,32458,532,21695,110,222,198,10233,2026-09-27,,,,"Sin Yeong-U (a.k.a. Grid), an unlucky man in life and a low-level player in the popular VR game “Satisfy,” finds a powerful item that earns him a rare legendary class title: “Pagma’s Successor.” He’s now a skilled blacksmith who can forge unique weapons and equip the game’s most powerful gear. Grid resolves to use his new abilities to achieve fame and fortune, but as his very existence begins to stir up trouble in Satisfy, he realizes that life as a legend may be more than he bargained for….<br><br>  (Source: Tapas, edited)<br><br>  <i>Note: Tempal: Item no Chikara is streaming a week in advance of the TV broadcast on Prime Video and Crunchyroll beginning September 27th, 2026. Regular broadcasting began on October 2nd, 2026.</i>",JP,True,#テムパル #Overgeared #テムパル～アイテムの力～,https://s4.anilist.co/file/anilistcdn/media/anime/cover/medium/bx212888-NhyvqPt5aIuJ.jpg,#f19335,https://s4.anilist.co/file/anilistcdn/media/anime/banner/212888-ZsnNegBCKXQq.jpg,youtube,e1Km0FqUZl0,Yeong-U Sin;Vantner;Regas;Se-Hee Shin;Toban,Sae-Nal Park (Original Story);Dong-Wook Lee (Original Story);Team Argo (Original Character Design);Ayako Kouno (Director);Kenta Ihara (Series Composition),Official Site;Crunchyroll;Twitter,False,템빨;Temppal;Tempal - Item no Chikara,https://anilist.co/anime/212888,1791540037,1791729000,3,2026-10-09T10:59:21.429629+00:00,anilist
178083,59088.0,Tokyo Revengers: Santen Sensou-hen,Tokyo Revengers: War of the Three Titans Arc,東京リベンジャーズ 三天戦争編,Tokyo Revengers: Santen Sensou-hen,TV,13.0,,RELEASING,MANGA,FALL 2026,2026,Pony Canyon;LIDENFILMS;Kodansha;Sammy;AT-X;Mainichi Broadcasting System;Ultra Super Pictures;Studio Mausu;HI Production,LIDENFILMS,Action;Drama;Romance;Supernatural,Delinquents;Gangs;Shounen;Suicide;Urban,,76.0,78.0,0,0,32015,0,32015,455,12385,438,330,185,18677,2026-10-03,,,,Sequel to <i>Tokyo Revengers: Tenjiku-hen</i>.,JP,True,#東京リベンジャーズ #toman_anime #東リベ,https://s4.anilist.co/file/anilistcdn/media/anime/cover/medium/bx178083-bg7pg6TCHwtG.jpg,#c99350,,youtube,Nm21TTXUkf4,Takemichi Hanagaki;Hinata Tachibana;Manjirou Sano;Chifuyu Matsuno;Ken Ryuuguji,Ken Wakui (Original Creator);Maki Kodaira (Director);Yasuyuki Mutou (Series Composition);Kouichi Hatsumi (Series Composition Assistance);Kenichi Oonuki (Character Design),Official Site;TikTok;YouTube;Twitter;Hulu,False,Tokyo Revengers (Sequel),https://anilist.co/anime/178083,1791540035,1791564780,2,2026-10-09T10:59:21.429654+00:00,anilist
199340,62582.0,Seishun Buta Yarou wa Dear Friend no Yume wo Minai,Rascal Does Not Dream of a Dear Friend,青春ブタ野郎はディアフレンドの夢を見ない,Seishun Buta Yarou wa Dear Friend no Yume wo Minai,MOVIE,1.0,118.0,NOT_YET_RELEASED,LIGHT_NOVEL,FALL 2026,2026,CloverWorks;Aniplex,CloverWorks,Drama;Psychological;Romance;Supernatural,Male Protagonist;Female Protagonist;Heterosexual;College;Memory Manipulation;Coming of Age;Primarily Adult Cast;Urban,,,,0,0,32011,260,32011,402,1947,524,346,70,29124,2026-10-16,2026-10-16,,,"<i>""Actually, I’m Touko Kirishima.""</i> <br><br> The audience erupted in excitement upon learning that the true identity of the mysterious, wildly popular internet singer was none other than the nation’s favorite actress, Mai Sakurajima. The scene was exactly the same as the dream Sakuta Azusagawa had seen on Christmas Eve. <br><br> Starting with Mai’s shocking confession on April 1, the impossible events that everyone once dreamed of keep happening one after another.  The social media hashtag ""#Yumemiru,"" where dreams come true, has vanished, and as Sakuta struggles with the disconnect between the reality before him and his own perception, he receives a message from a version of himself in an alternate reality. <br><br> <b>―Stop Touko Kirishima, <br> ―Before reality is rewritten.</b> <br><br> To restore the world to its original state, Sakuta sets out to find Touko Kirishima. This is a story about overcoming the ""Adolescent Syndrome"".<br><br>  (Source: Crunchyroll News, edited)",JP,True,#青ブタ #青ブタアニメ,https://s4.anilist.co/file/anilistcdn/media/anime/cover/medium/bx199340-YQlmzvmcJzyt.jpg,#5da1f1,,youtube,ydmOU6gOi3k,Sakuta Azusagawa;Mai Sakurajima;Miori Mitou;Kaede Azusagawa;Rio Futaba,Hajime Kamoshida (Original Story);Keiji Mizoguchi (Original Character Design);Souichi Masui (Director);Masahiro Yokotani (Script Composition);Satomi Tamura (Character Design),Twitter;TikTok;Official Site;Facebook;Twitter;Instagram,False,Rascal Does Not Dream of a Dear Friend;AoButa; 青ブタ,https://anilist.co/anime/199340,1791540109,1792076400,1,2026-10-09T10:59:21.429679+00:00,anilist
213805,64534.0,Koori no Jouheki 2nd Season,The Ramparts of Ice Season 2,氷の城壁 第2期,Koori no Jouheki 2nd Season,TV,,25.0,RELEASING,MANGA,FALL 2026,2026,Studio KAI;TBS;Universal Music;ADK Emotions,Studio KAI,Comedy;Drama;Romance;Slice of Life,School;Heterosexual;Shoujo;Love Triangle;Coming of Age;Primarily Teen Cast;Female Protagonist;Ensemble Cast;Male Protagonist;Kuudere,,81.0,82.0,0,213,30925,0,30925,487,17478,126,210,83,13028,2026-10-01,,,,"Koyuki, the isolated girl; Miki, the former school idol; Minato, the guy with no concept of personal space; and Youta, the gentle basketball player. Clumsy, frustrating, yet deeply endearing — this coming-of-age ensemble drama of crisscrossing hearts marches on. <br><br> As they grow closer, Koyuki and Minato begin to develop feelings for each other that go beyond mere friendship. Meanwhile, Youta finally confesses to Miki the feelings he's harbored for years. Some speak their hearts while others keep their emotions hidden, causing their paths — and their feelings for one another — to continuously cross and pass by…  <br><br> (Source: Netflix)",JP,True,#氷の城壁,https://s4.anilist.co/file/anilistcdn/media/anime/cover/medium/bx213805-Nokui3uWlIlw.png,#e4a143,,youtube,VvzeL7UMCE8,Koyuki Hikawa;Minato Amamiya;Miki Azumi;Youta Hino;Tsubasa Igarashi,Koucha Agasawa (Original Creator);Mankyuu (Director );Yasuhiro Nakanishi (Series Composition);Miki Ogino (Character Design);Eriko Itou (Sub Character Design),Official Site;Twitter;Netflix,False,,https://anilist.co/anime/213805,1791540026,1792076160,3,2026-10-09T10:59:21.429700+00:00,anilist
191656,61578.0,Seitokai ni mo Ana wa Aru!,Even the Student Council Has Its Holes!,生徒会にも穴はある！,Seitokai ni mo Ana wa Aru!,TV,12.0,24.0,RELEASING,MANGA,FALL 2026,2026,Passione;Aniplex;Kodansha;JR Higashi Nihon Kikaku;Movic,Passione,Comedy;Ecchi;Slice of Life,School Club;Slapstick;School;Primarily Teen Cast;Nudity;Female Protagonist;Mixed Gender Harem;Femboy;Male Protagonist;Shounen,,73.0,74.0,0,0,30848,0,30848,345,16909,47,167,317,13408,2026-10-04,,,,"This is Fujinasu Academy, a private high school with top-achieving students located on the outskirts of town. <br><br> High School 1st-Year Ume Mizunoe has excellent grades in Japanese language class and has received multiple literary awards. However, his terrible grades in the sciences are affecting his ability to move up a grade. To avoid repeating a year, he becomes a member of the student council to improve his academic standing. <br><br> However, in the student council, he meets the charismatic yet sullen student council president Kotobuki Hisako, and the scary yet kind and refined treasurer, Arisu Terui. Other members include a cheeky and cute boy, Tan Otori, and Komaro Michinoku, the admin who's like a small abandoned cat. This is the start of a slapstick, heartful, rom-com about a busy student council full of cute, mismatched, and quirky students! <br><br> (Source: Even the Student Council Has Its Holes! Official Site)",JP,True,#アニメ生穴る #せいちょかい,https://s4.anilist.co/file/anilistcdn/media/anime/cover/medium/bx191656-xFHtxM8SUTdU.png,#5dbbe4,https://s4.anilist.co/file/anilistcdn/media/anime/banner/191656-JQILdzh3FQxN.jpg,youtube,VTRVLnzhl90,Tan Otori;Ume Mizunoe;Satomi Hiratsuka;Arisu Terui;Hisako Kotobuki,Muchimaro (Original Creator);Naoyuki Tatsuwa (Director );Masahiro Yokotani (Series Composition);Ryou Imamura (Character Design);Daiju Asami (Title Logo Design),Official Site;Twitter;TikTok;Official Site;OceanVeil;Bilibili TV;iQ,False,生穴る;NamaAnaru;สภานักเรียนฉบับรั่ว!,https://anilist.co/anime/191656,1791540028,1791646200,2,2026-10-09T10:59:21.429726+00:00,anilist
200929,62844.0,Kusuriya no Hitorigoto: Bouhi no Hihou,The Apothecary Diaries: The Late Lady’s Treasure,薬屋のひとりごと 亡妃の秘宝,Kusuriya no Hitorigoto: Bouhi no Hihou,MOVIE,1.0,,NOT_YET_RELEASED,ORIGINAL,FALL 2026,2026,Toho;TOHO animation STUDIO,TOHO animation STUDIO,Drama;Mystery,Female Protagonist;Medicine;Politics;Seinen;Ancient China;Historical,,,,0,0,29459,285,29459,276,1361,102,246,34,27716,2026-12-11,2026-12-11,,,"The curtains rise on a new mystery surrounding a secret treasure hidden in a city on the water.<br><br>  The emperor gives Jinshi an order. He must grant the final wish of a concubine who passed away five years ago by returning her to her homeland. In order to return her to her family, Jinshi examines the remains, only to discover that they’re in pristine condition. She’s beautiful, as if she were still alive. To solve the mystery of the remains, Jinshi drags Maomao along on a journey to Binan-shu, the southern province ruled by the Bi clan.<br><br>  They arrive at a bustling city on the water. Maomao is excited to see herbs and medicines she has never seen before, but tensions are high in the area, as pirates are viciously trying to find the treasure their late leader hid away.<br><br>  <i>“I hope nothing happens...”</i> <br><br> Jinshi’s premonition comes true. On the day of the concubine’s funeral, a huge incident occurs, triggering a chain of events that nobody could see coming.<br",JP,True,#薬屋のひとりごと #亡妃の秘宝,https://s4.anilist.co/file/anilistcdn/media/anime/cover/medium/bx200929-ZnRFJbEqFbgJ.jpg,#f19335,,youtube,HP5wg0kTh54,Maomao;Jinshi;Mu Qing,Natsu Hyuuga (Original Story);Touko Shino (Original Character Design);Norihiro Naganuma (Director);Mayu Tanimoto (Assistant Director);Ayako Hiraike (Assistant Director),Twitter;Official Site;TikTok,False,The Apothecary Diaries Movie,https://anilist.co/anime/200929,1791540041,1796914800,1,2026-10-09T10:59:21.429746+00:00,anilist
172192,57612.0,Kikansha no Mahou wa Tokubetsu desu 2nd Season,A Returner's Magic Should be Special Season 2,帰還者の魔法は特別です 第2期,Kikansha no Mahou wa Tokubetsu desu 2nd Season,TV,,,RELEASING,OTHER,FALL 2026,2026,Aniplex;Arvo Animation,Arvo Animation,Action;Adventure;Fantasy,Male Protagonist;Magic;CGI,,69.0,72.0,0,0,26444,0,26444,339,8733,195,317,154,17045,2026-10-08,,,,"In a land dominated by the formidable Shadow Worlds, most of humanity has been destroyed. To rescue their planet from impending doom, six brave heroes fight a perilous battle…and fail. But there’s a glimpse of hope when Desir, one of the last mages, is suddenly sent back in time 13 years! Now armed with knowledge of the grim future, can he alter the course of history and save the world? <br><br> (Source: Crunchyroll)",JP,True,#帰還者 #returnersmagic,https://s4.anilist.co/file/anilistcdn/media/anime/cover/medium/bx172192-W7P5xEUaxF3y.jpg,#f19328,,youtube,YBWOrQCB9r0,Desir Herrman;Romantica Eru;Pram Schneider;Azest Kingscrown;Zod Exarion,Usonan (Original Story);Wookjakga (Original Character Design);Taishi Kawaguchi (Director);Takamitsu Kouno (Series Composition);Hiromi Katou (Character Design),Twitter;Official Site;Crunchyroll;Bilibili TV,False,Gwihwanjaui Mabeobeun;Teukbyeolhaeya Hamnida;귀환자의 마법은 특별해야 합니다,https://anilist.co/anime/172192,1791540304,1791992700,2,2026-10-09T10:59:21.429771+00:00,anilist
205909,63293.0,Hotaru no Yomeiri,Firefly Wedding,ホタルの嫁入り,Hotaru no Yomeiri,TV,,,RELEASING,MANGA,FALL 2026,2026,david production;Fuji TV,david production,Drama;Romance,Yandere;Josei;Assassins;Heterosexual;Prostitution;Historical;Gore;Disability;Female Protagonist;Primarily Adult Cast,,62.0,72.0,0,0,23716,0,23716,279,3690,39,179,51,19757,2026-10-09,,,,"On the surface, Satoko has it all—she’s beautiful, the daughter of a nobleman, and at a prime age for marriage. Unfortunately, she is also quite ill and only has a short time left to live. Before she can secure a marriage that will redeem her worth in her family’s eyes, she finds herself the target of the mysterious assassin Shinpei, and her plans are put in jeopardy. In order to save herself, she makes a desperate proposal—of marriage! When it comes to love, however, Shinpei takes “until death do we part” seriously.<br> <br> (Source: VIZ Media)",JP,True,#ホタルの嫁入り,https://s4.anilist.co/file/anilistcdn/media/anime/cover/medium/bx205909-DM0fAzNQulod.jpg,#aebb35,https://s4.anilist.co/file/anilistcdn/media/anime/banner/205909-hGeuFYrdhf9S.jpg,youtube,Ex9LrBK-7hk,Satoko Kirigaya;Shinpei Gotou;Mitsueda;Koutarou Ogawa,Oreco Tachibana (Original Creator);Takahiro Kamei (Director);Yukiko Aikei (Character Design);Shin Watanabe (Art Design);Yuuko Kakihara (Script ),Official Site;Twitter;Crunchyroll,False,,https://anilist.co/anime/205909,1791540043,1791556200,1,2026-10-09T10:59:21.429800+00:00,anilist
152677,52480.0,"Tantei wa mou, Shindeiru. Season 2",The Detective Is Already Dead Season 2,探偵はもう、死んでいる。Season2,"Tantei wa mou, Shindeiru. Season 2",TV,13.0,,RELEASING,LIGHT_NOVEL,FALL 2026,2026,KADOKAWA;ENGI,ENGI,Comedy;Drama;Mystery;Romance;Supernatural,Heterosexual;Detective;Aliens;Dissociative Identities,,73.0,76.0,0,0,23677,0,23677,321,4724,172,254,184,18343,2026-10-07,,,,"After thwarting a hijacking with beautiful, silver-haired detective Siesta, Kimihiko leads a life of globe-trotting and crime-solving—until Siesta dies. A year later, a new case will open old wounds as it threads murder, conspiracy, and his dead partner! <br><br> (Source: Crunchyroll)",JP,True,#たんもし #tanmoshi,https://s4.anilist.co/file/anilistcdn/media/anime/cover/medium/bx152677-gtJbgjE94lCN.png,,,youtube,8AnNxEp733c,Kimihiko Kimizuka;Siesta;Nagisa Natsunagi;Yui Saikawa;Charlotte Arisaka Anderson,Nigojuu (Original Story);Umibouzu (Original Character Design);Manabu Kurihara (Director);Hitomi Mieno (Series Composition);Yousuke Itou (Character Design),Twitter;Official Site;Crunchyroll,False,The Detective Is Already Dead Season 2;La detective esta muerta. 2;Tanmoshi 2;นักสืบตายเเล้ว ภาค 2;たんもし 2,https://anilist.co/anime/152677,1791542361,1791981000,2,2026-10-09T10:59:21.429828+00:00,anilist
185756,60601.0,"Tensei Kizoku, Kantei Skill de Nariagaru 3rd Season","As a Reincarnated Aristocrat, I'll Use My Appraisal Skill to Rise in the World Season 3",転生貴族、鑑定スキルで成り上がる 第3期,"Tensei Kizoku, Kantei Skill de Nariagaru 3rd Season",TV,,24.0,RELEASING,LIGHT_NOVEL,FALL 2026,2026,GeyeG Pictures;Bandai Namco Filmworks;Kodansha;Crunchyroll;Bandai Namco Music Live;Bushiroad Move;U-NEXT;CBC TV;Dentsu,GeyeG Pictures,Adventure;Fantasy,Isekai;Kingdom Management;Yandere,,71.0,73.0,0,0,23138,0,23138,278,11750,138,210,118,10922,2026-09-27,,,,"The third season of <i>Tensei Kizoku, Kantei Skill de Nariagaru</i>. <br><br> <i>Note: On September 4, 2026, it was announced that GeyeG Pictures would take over the production from studio MOTHER while keeping the same staff.</i>",JP,True,#鑑定スキル #kanteiskill,https://s4.anilist.co/file/anilistcdn/media/anime/cover/medium/bx185756-xPCl0RyQ7fXD.jpg,#d6f1c9,,youtube,8_Lxr7vO9l0,Ars Louvent;Charlotte Wraith;Rosell Kischa;Rietz Muses;Lycia Plaid,Miraijin A (Original Story);jimmy (Original Character Design);Takao Kato (Director);Daisuke Oohigashi (Series Composition);Yuuko Yahiro (Character Design),Twitter;Official Site;Crunchyroll;iQ;Bilibili TV;YouTube,False,,https://anilist.co/anime/185756,1791540053,1791729000,3,2026-10-09T10:59:21.429859+00:00,anilist
213457,64459.0,Fool Night,Fool Night,フールナイト,Fool Night,ONA,,,NOT_YET_RELEASED,MANGA,FALL 2026,2026,Shaft;Sunrise;Netflix;Shogakukan;Bandai Namco Filmworks,Shaft;Sunrise,Drama;Psychological;Sci-Fi;Thriller,Class Struggle;Seinen;Eco-Horror;Primarily Adult Cast;Body Horror;Dystopian;Urban Fantasy;Post-Apocalyptic;Suicide;Urban,,,,0,0,21942,0,21942,144,2098,8,137,17,19682,2026-11-26,,,,"The earth of the distant future is covered in thick clouds, and the sun no longer shines. Plants wither, and oxygen is thin. To fight extinction, humankind has developed a technology that turns humans into plants, providing a small amount of oxygen. Is this process sustainable? Is it ethical? Toshiro Kamiya must consider these questions as he’s faced with a difficult choice—save his family or save himself. <br><br> Kamiya is at the end of his rope. His mother is ill, and his job barely pays for her medication, much less food. With few options left, he considers the life-changing process of transfloration. Ready to give his body up for a payday, Kamiya is about to explore the limits of society’s waning humanity. <br><br> (Source: VIZ Media)",JP,True,#フールナイト #foolnight,https://s4.anilist.co/file/anilistcdn/media/anime/cover/medium/bx213457-gN5p1GZjK3zi.jpg,#93281a,https://s4.anilist.co/file/anilistcdn/media/anime/banner/213457-4m8VEkWwzJEq.jpg,youtube,8E_SDmeOtVw,Toshirou Kamiya;Yomiko Hourai;Jin Hiragishi;Saeko Kanaeno;Akira Yatsuka,Kasumi Yasuda (Original Creator);Atsushi Yukawa (Director);Ryou Shimura (Assistant Director);Jin Tanaka (Series Composition);Robert Satou (Character Design),Twitter;Official Site;Netflix,False,,https://anilist.co/anime/213457,1791540026,1795676400,1,2026-10-09T10:59:21.429880+00:00,anilist
191788,61603.0,Aoashi 2nd Season,Aoashi Season 2,アオアシ 第2期,Aoashi 2nd Season,TV,24.0,24.0,RELEASING,MANGA,FALL 2026,2026,TMS Entertainment;Shogakukan-Shueisha Productions;Shogakukan;NHK Enterprises,TMS Entertainment,Sports,Football;Seinen;Male Protagonist;Ensemble Cast;Primarily Male Cast;Primarily Teen Cast,,78.0,81.0,0,438,21712,0,21712,290,8904,137,185,64,12422,2026-10-04,,,,"Aoi Ashito’s game has now earned him a spot on the A team, but he is quickly overwhelmed by his harsh new reality. Surrounded by elite players like Kuribayashi and Akutsu, practices are just as merciless as the matches. In this U-18 Premier League of powerhouse talent, Ashito must evolve or be crushed, if he’s ever to be acknowledged. <br><br> (Source: Crunchyroll)",JP,True,#アオアシ #aoashi,https://s4.anilist.co/file/anilistcdn/media/anime/cover/medium/bx191788-XC6F24LdX6a4.jpg,#e4ae50,https://s4.anilist.co/file/anilistcdn/media/anime/banner/191788-tyhsHpXeF26X.jpg,youtube,phKPnPXm74c,Ashito  Aoi;Tatsuya Fukuda;Haruhisa Kuribayashi;Hana Ichijou;Nagisa Akutsu,Yuugo Kobayashi (Original Creator);Kazuki Yokoyama (Director);Masahiro Yokotani (Series Composition);Junko Yamanaka (Character Design);Manabu Nakatake (Character Design),Twitter;Official Site;Crunchyroll;YouTube;iQ,False,,https://anilist.co/anime/191788,1791540052,1791705600,2,2026-10-09T10:59:21.429906+00:00,anilist
207329,63431.0,"Tsuihou Sareta Cheat Fuyo Majutsushi wa Kimama na Second Life wo Ouka Suru.: Ore wa Buki dake ja Naku, Arayuru Mono ni ""Kyouka Point"" wo Fuyo Dekiru shi, Ore no Ishi de Itsudemo Kouka wo Kaijo Dekiru kedo, Nokotta Hitotachi Daijoubu?",The Laid-Off Cheat-Granting Mage Enjoys a Second Lease on Life,追放されたチート付与魔術師は気ままなセカンドライフを謳歌する。　～俺は武器だけじゃなく、あらゆるものに『強化ポイント』を付与できるし、俺の意思でいつでも効果を解除できるけど、残った人たち大丈夫？～,"Tsuihou Sareta Cheat Fuyo Majutsushi wa Kimama na Second Life wo Ouka Suru.: Ore wa Buki dake ja Naku, Arayuru Mono ni ""Kyouka Point"" wo Fuyo Dekiru shi, Ore no Ishi de Itsudemo Kouka wo Kaijo Dekiru kedo, Nokotta Hitotachi Daijoubu?",TV,,24.0,RELEASING,MANGA,FALL 2026,2026,P.A.WORKS;Shouchiku;Kodansha;TV Tokyo;Crunchyroll;Good Smile Company;JR Toukai Agency,P.A.WORKS,Adventure;Comedy;Fantasy;Slice of Life,Surreal Comedy;Urban Fantasy;Found Family;Magic;Chibi;Exiled;Male Protagonist;Slapstick;Shounen;Delinquents,,72.0,74.0,0,0,21509,0,21509,257,14347,40,179,101,6842,2026-10-07,,,,"Rein, an enchanter, is suddenly expelled from his guild one day. But instead of despairing, he declares, “Now I can do anything!” and begins reclaiming the massive number of enhancement points he once poured into his guildmates’ gear, setting off on a brand-new path as an adventurer.<br><br> Gathering around him are people carrying wounds that don’t fade easily: a genius adventurer who shut her heart after her party was slaughtered, a warrior who lost her family, and an assassin raised from childhood to kill. Yet Rein never rejects their pasts or their scars—he accepts them all with bright, straightforward warmth.<br><br> The stage is a unique fantasy world where Uzis, slingshots, and even yakuza exist side by side. But in this world, the more people rely on convenient technology, the more their magic weakens, and adventurers grow fragile.<br><br> Intelligent, vicious monsters roam freely, while in the underworld, outlaws bare their greed and ambition as schemes and betrayals intertwin",JP,True,,https://s4.anilist.co/file/anilistcdn/media/anime/cover/medium/b207329-6VPeZIDfF4Sr.png,#f1e4c9,https://s4.anilist.co/file/anilistcdn/media/anime/banner/207329-9IqRSKIsM3TC.jpg,youtube,BJXBr_aFF8s,Rain Garland;Lily Flambert;Margaret Ells;Mirabelle;Elsia Zola,Youmochi Gyoumu (Original Creator);Shuu Honma (Director);Youko Yonaiyama (Series Composition);Yuito Kiyosawa (Character Design);Masami Gouda (Sub Character Design),Twitter;Official Site;TikTok;Crunchyroll;Official Site;YouTube;Bilibili TV,False,"The Exiled Cheating Magician Enjoys an Unrestrained Second Life.: I Can Give ""Strengthening Points"" Not Only to Weapons, But Also to Everything, and I Can Unlock the Effect at Any Time of My Will, But are the Rest Okay?;Chii-Fuyo;チー付与;The Laid-Off Cheat-Granting Mage Enjoys a New Life",https://anilist.co/anime/207329,1791540030,1791903600,2,2026-10-09T10:59:21.429934+00:00,anilist
204389,63140.0,Yasei no Last Boss ga Arawareta! 2nd Season,A Wild Last Boss Appeared! Season 2,野生のラスボスが現れた！ 第2期,Yasei no Last Boss ga Arawareta! 2nd Season,ONA,,24.0,RELEASING,LIGHT_NOVEL,FALL 2026,2026,NBCUniversal Entertainment Japan;WAO World;Sun Electronics;Touhouku Shinsha;Earth Star Entertainment;Kansai TV;BS Asahi;Bushiroad Move;KLOCKWORX;Sorajima Studio,WAO World,Action;Adventure;Fantasy,Isekai;Magic;Gender Bending;Female Protagonist;Virtual World,,72.0,75.0,0,0,19708,0,19708,235,11728,69,164,103,7644,2026-09-26,,,,The second season of <i>Yasei no Last Boss ga Arawareta!</i>,JP,True,#野生のラスボスが現れた #lastbossanime,https://s4.anilist.co/file/anilistcdn/media/anime/cover/medium/bx204389-jCoFCeTthDMy.jpg,#e45dc9,,youtube,LyDMSUR6_Q8,Lufas Maphaahl;Dina;Aries;Aigokeros;Scorpius,Firehead (Original Story);YahaKo (Original Character Design);Yuuya Horiuchi (Director );Kazuyuki Fudeyasu (Series Composition);Maiko Ebisawa (Character Design),Twitter;Official Site;Crunchyroll;YouTube,False,,https://anilist.co/anime/204389,1791540052,1791639000,3,2026-10-09T10:59:21.429958+00:00,anilist
208025,63509.0,Dark Summoner to Dekiteiru,I'm Dating a Dark Summoner,ダークサモナーとデキている,Dark Summoner to Dekiteiru,TV_SHORT,12.0,12.0,RELEASING,MANGA,FALL 2026,2026,WWWave;AtoriE;Nyan Pollution-ω-,AtoriE;Nyan Pollution-ω-,Comedy;Ecchi;Fantasy;Romance,Heterosexual;Nudity;Large Breasts;Magic;Female Protagonist;Male Protagonist;Slapstick;Monster Girl;Interspecies;Primarily Female Cast,,68.0,70.0,0,0,18904,0,18904,313,10011,74,194,278,8347,2026-10-05,,,,"Amona’s a dark summoner with demonic powers. Roni’s a devout priest who’s way too uptight. By all rights, they should hate each other. Instead, they end up fast-tracking their enemies-to-lovers arc with a one-night stand that somehow insists on becoming a recurring event. Now they must hide their situationship from the rest of the party while denying their growing attraction to one another, all while dealing with an imp who’s far too invested in their love life. <br><br> (Source: HIDIVE)",JP,True,#アニメダークサモナー,https://s4.anilist.co/file/anilistcdn/media/anime/cover/medium/bx208025-JKvqWNr8rz8l.jpg,#fff1ae,https://s4.anilist.co/file/anilistcdn/media/anime/banner/208025-s7hcRQO7kwmH.jpg,youtube,-YCols5lYow,Amona Jeane;Roni Gardihaus;Imp;Haru Parvain;Eury Lililala,Shaoh (Original Creator);Seiya Miyajima (Director );Seiya Miyajima (Series Composition);Takahiro Sasaki (Character Design);Youichirou Yamamoto (Art Director),Official Site;Twitter;HIDIVE,False,,https://anilist.co/anime/208025,1791540030,1791735600,2,2026-10-09T10:59:21.429981+00:00,anilist
207191,63409.0,"Doumo, Suki na Hito ni Horegusuri wo Irai Sareta Majo desu.","Hello, I am a Witch and my Crush Wants me to Make a Love Potion!",どうも、好きな人に惚れ薬を依頼された魔女です。,"Doumo, Suki na Hito ni Horegusuri wo Irai Sareta Majo desu.",TV,12.0,24.0,RELEASING,LIGHT_NOVEL,FALL 2026,2026,diomedéa;KADOKAWA;Futabasha;diomedéa;Mainichi Broadcasting System;AT-X;BS Nittele;SAND B,diomedéa,Fantasy;Romance,Witch;Female Protagonist;Josei;Heterosexual;Hikikomori;Medicine;Rural;Slapstick,,69.0,72.0,0,0,18482,0,18482,162,9841,34,135,119,8353,2026-10-05,,,,"<b>“Make me a love potion.”</b> <br><br> And with that single sentence, the Good Witch of the Lake’s secret crush on the dashing Sir Harij ends in heartbreak. Still, when he promises to help her gather the ingredients, Rose is thrilled at the chance to gaze upon a man she’d normally never get to interact with. She learns to brace her pounding heart for their usual stilted conversations…but what is she to do when he inexplicably shows up at her doorstep with bread and a jar of apple butter? <br><br> (Source: Yen Press)",JP,True,#惚れ魔女,https://s4.anilist.co/file/anilistcdn/media/anime/cover/medium/bx207191-VgkIzfH92WoZ.jpg,#aed6e4,https://s4.anilist.co/file/anilistcdn/media/anime/banner/207191-xYgpkCDnXc5m.jpg,youtube,hGRtocAh3iw,Rose;Hariju Azumu;Billaura;Tien,Eiko Mutsuhana (Original Story);vient (Original Character Design);Keizou Kusakawa (Director);Wataru Watari (Series Composition);Masakazu Ishikawa (Character Design),Twitter;Official Site;Crunchyroll,False,"Hi, I'm a Witch, and My Crush Wants Me to Make a Love Potion;I'm a witch who's crush requested a love potion;惚れ魔女;Horemajo",https://anilist.co/anime/207191,1791540026,1791808200,2,2026-10-09T10:59:21.430003+00:00,anilist
186541,60948.0,"Mezametara Saikyou Soubi to Uchuusen-mochi datta node, Ikkodate Mezashite Youhei to shite Jiyuu ni Ikitai",Reborn as a Space Mercenary: I Woke Up Piloting the Strongest Starship!,目覚めたら最強装備と宇宙船持ちだったので、一戸建て目指して傭兵として自由に生きたい,"Mezametara Saikyou Soubi to Uchuusen-mochi datta node, Ikkodate Mezashite Youhei to shite Jiyuu ni Ikitai",TV,,24.0,RELEASING,LIGHT_NOVEL,FALL 2026,2026,studio A-CAT;Aniplex;KADOKAWA;TOKYO MX;Good Smile Company;Movic;Yomiuri TV;Sansei R&D;Docomo Anime Store;WOWOW;HAYATE,studio A-CAT,Action;Comedy;Drama;Mecha;Romance;Sci-Fi,Isekai;Female Harem;Space;Heterosexual;Space Opera;Elf;Seinen;Guns,,68.0,70.0,0,0,18130,0,18130,212,10365,49,170,178,7368,2026-10-04,,,,"Sato Takahiro was an ordinary office worker and hobbyist gamer until the day he woke up on a spaceship–one that strangely resembled a craft from a favorite space-shooter game. With a decked-out ship, a crew full of babes, and a fantastic universe to explore, he's going to make the most of his good luck and create the life he's always dreamed of!<br><br>  (Source: Seven Seas Entertainment)",JP,True,#めざめざ,https://s4.anilist.co/file/anilistcdn/media/anime/cover/medium/bx186541-caYpLsLmbCh7.jpg,#d6bb78,,youtube,Z9ofT53sz2U,Takahiro Sato;Elma;Mimi;Serena Halls;May,Ryuuto (Original Story);Tetsuhiro Nabeshima (Original Character Design);Norihiko Nagahama (Director);Takamitsu Kouno (Series Composition);Masami Sueoka (Character Design),Twitter;Official Site;Crunchyroll,False,Saikyosoubi;めざめざ,https://anilist.co/anime/186541,1791540026,1791721800,2,2026-10-09T10:59:21.430029+00:00,anilist
206949,63382.0,Kyouran Reijou Nia Liston,Nia Liston: The Merciless Maiden,凶乱令嬢ニア・リストン,Kyouran Reijou Nia Liston,TV,25.0,24.0,RELEASING,LIGHT_NOVEL,FALL 2026,2026,KONAMI animation;Mainichi Broadcasting System;SANKYO;JR Higashi Nihon Kikaku;Konami Digital Entertainment;VAP;BS Nittele;Pia;Hobby Japan;Movic;TO Books,KONAMI animation,Action;Fantasy,Female Protagonist;Age Regression;Magic;Maids;Seinen;Gender Bending;Swordplay;Ojou-sama;Acting;Martial Arts,,74.0,77.0,0,0,16863,0,16863,199,9444,25,112,81,7201,2026-10-06,,,,"A great hero lies undefeated on her deathbed, regretting that she never found a foe who could take her down. She never intended to meet her fate anywhere other than on the battlefield, and her peaceful demise has her wishing desperately that things could have been different... But when she suddenly comes to in the body of the young, frail Nia Liston, she’s got an all-new fight ahead of her. Nia is a sickly child, meaning she has a long way to go before she’s in fighting form. Now that she’s been given a second shot at life, however, she’s determined to get what she wants. She’s going to live—and die—for battle this time! Make way for the Merciless Maiden!<br> <br> (Source: J-Novel Club)",JP,True,#凶乱令嬢,https://s4.anilist.co/file/anilistcdn/media/anime/cover/medium/bx206949-4HYI3YuP0eLI.png,#f15dbb,https://s4.anilist.co/file/anilistcdn/media/anime/banner/206949-c5hfhixdgvy5.jpg,youtube,gxG4vntLtbk,Nia Liston;Neal Liston;Lynokis Funk;Lynette Blanc;Hildetora Altoir,Umikaze Minamino (Original Story);Jishaku (Original Character Design);Canata Katana (Original Character Design);Motoki Nakanishi (Director);Haruta Segi (Assistant Director),Twitter;Official Site;HIDIVE;Bilibili TV;iQ,False,,https://anilist.co/anime/206949,1791540029,1791894360,2,2026-10-09T10:59:21.430055+00:00,anilist
204011,63098.0,PSYЯEN,PSYREN,PSYREN -サイレン-,PSYЯEN,TV,,24.0,RELEASING,MANGA,FALL 2026,2026,Satelight;Shueisha;REMOW;Studio Pierrot;KADOKAWA;Kadokawa Media House;KLOCKWORX,Satelight,Action;Adventure;Sci-Fi,Shounen;Death Game;Dystopian;Super Power;Isekai;Male Protagonist,,71.0,74.0,0,0,16593,0,16593,238,8383,114,148,149,7799,2026-10-05,,,,"One day, high schooler Ageha Yoshina picks up a mysterious “red phone card” left behind in a public telephone booth. A few days later, his childhood friend and classmate, Sakurako Amamiya—who possessed the same card—suddenly vanishes without a trace. In search of her, Ageha finds himself drawn into the rumors surrounding a nationwide string of mysterious disappearances, said to be the work of a secret organization known only as “Psyren.”<br><br> When he accesses the group, a deadly game begins—one that will change his fate forever. <br><br> (Source: PSYЯEN Official Site)",JP,True,#PSYREN,https://s4.anilist.co/file/anilistcdn/media/anime/cover/medium/bx204011-j45RZoqYbdZK.jpg,#0dd6e4,https://s4.anilist.co/file/anilistcdn/media/anime/banner/204011-hBOwte9MzykA.jpg,youtube,fmUpSXFbSK0,Ageha Yoshina;Sakurako Amamiya;Asaga Hiryuu;Oboro Mochizuki;Kabuto Kirisaki,Toshiaki Iwashiro (Original Creator);Katsumi Ono (Director );Shin Yoshida (Series Composition);Akira Ookuma (Character Design);Kenichi Tajiri (Art Director),Official Site;Twitter;Official Site;Twitter;Crunchyroll,False,САЙРЕН,https://anilist.co/anime/204011,1791540045,1791813600,2,2026-10-09T10:59:21.430081+00:00,anilist
169581,56733.0,"Magical★Explorer: Eroge no Yuujin Chara ni Tensei Shitakedo, Game Chishiki Tsukatte Jiyuu ni Ikiru",Magical Explorer,マジカル★エクスプローラー　エロゲの友人キャラに転生したけど、ゲーム知識使って自由に生きる,"Magical★Explorer: Eroge no Yuujin Chara ni Tensei Shitakedo, Game Chishiki Tsukatte Jiyuu ni Ikiru",ONA,13.0,24.0,RELEASING,LIGHT_NOVEL,FALL 2026,2026,WHITE FOX;Aniplex;BS11;JR Higashi Nihon Kikaku;Contents Seed;SYSTEM SERVICE;TOKYO MX;Yomiuri TV;SANKYO,WHITE FOX,Action;Adventure;Ecchi;Fantasy;Romance,Heterosexual;Magic;Isekai;Female Harem;Nudity;Male Protagonist;Cohabitation;Adoption;School;Maids,,69.0,71.0,0,0,16429,0,16429,240,9283,46,153,209,6738,2026-09-26,,,,"Few titles are more revered among horndogs-(ahem) connoisseurs of Japanese erotic video games-than Magical Explorer. One day, our smut-loving hero wakes up to find he has been reincarnated into the body of the game’s dreamboat protagonist! Or rather, his hapless comic-relief best friend, Kousuke Takioto. But with his unparalleled knowledge of Magical Explorer and Kousuke’s unorthodox abilities (a scarf that doubles as a fist?), our hero vows to turn the game’s unluckiest loser into its mightiest heartthrob. In this world, nothing is out of reach when you’ve got the know-how! <br><br> (Source: Yen Press) <br><br> <i>Note: Each episode streamed 1 week early on ABEMA and d anime store. The original TV broadcast started on October 4th, 2026.<i>",JP,True,#マジエク,https://s4.anilist.co/file/anilistcdn/media/anime/cover/medium/bx169581-UlAviVH36Hxi.png,#f1a150,https://s4.anilist.co/file/anilistcdn/media/anime/banner/169581-cdooqY7Jqy3x.jpg,youtube,XqrBfyUNYZs,Kousuke Takioto;Nanami;Ludivine Marie-Ange de la Tréfle;Yukine Mizumori;Iori Hijiri,Iris (Original Story);Noboru Kannatsuki (Original Character Design);Kazuki Oohashi (Director);Satoko Sekine (Series Composition);Ryousuke Kimiya (Character Design),Twitter;Official Site;Crunchyroll,False,Magical Explorer: Reborn as a Side Character in a Fantasy Dating Sim;Majieku;マジエク,https://anilist.co/anime/169581,1791540622,1791584160,3,2026-10-09T10:59:21.430106+00:00,anilist
204650,63181.0,Tougen Anki: Nikko・Kegon no Taki-hen,TOUGEN ANKI: Nikko Kegon Falls Arc,桃源暗鬼 日光・華厳の滝編,Tougen Anki: Nikko・Kegon no Taki-hen,TV,12.0,24.0,RELEASING,MANGA,FALL 2026,2026,Studio Hibari;Pony Canyon;Dentsu;Nippon Television Network;Akita Shoten;Studio Hibari,Studio Hibari,Action;Mystery;Supernatural,Shounen;Demons;Guns;Revenge;Urban Fantasy;CGI,,71.0,74.0,0,0,16159,0,16159,219,6783,104,192,114,8966,2026-10-02,,,,"After battling in Kyoto and Nerima, the Rasetsu Academy students have grown stronger. But Yaoroshi leaves the academy to join the Oni Brigade for their ""the total eradication of the Momotaro."" <br><br> When Shiki realizes that they also target noncombatants, he sets out after Yaoroshi to bring him back. Meanwhile in Nikko, there's a research facility for horrific experiments atop the old Kegon Falls… <br><br> (Source: REMOW)",JP,True,#桃源暗鬼,https://s4.anilist.co/file/anilistcdn/media/anime/cover/medium/bx204650-cAQOzQ84Lwk8.png,#4393e4,https://s4.anilist.co/file/anilistcdn/media/anime/banner/204650-MpownoVlYv69.jpg,youtube,upBWYExYoYc,Shiki Ichinose;Naito Mudano;Jin Kougasaki;Hayate Todoroki;Homare Byobugaura,Satoki Iida (Sound Director);Hiroyuki Hashimoto (Assistant Director);Kouta Yamamoto (Music);Yukie Sugawara (Series Composition);Yukie Sugawara (Script),Official Site;YouTube;TikTok;Twitter;Official Site;Crunchyroll;Bilibili TV;Amazon Prime Video;Netflix,False,桃源暗鬼 2期;Tougen Anki Season 2,https://anilist.co/anime/204650,1791540039,1791556200,2,2026-10-09T10:59:21.430132+00:00,anilist
209872,63801.0,Ranma 1/2 (2024) 3rd Season,Ranma1/2 (2024) Season 3,らんま1/2 (2024) 第3期,Ranma 1/2 (2024) 3rd Season,TV,,24.0,RELEASING,MANGA,FALL 2026,2026,MAPPA;Shogakukan-Shueisha Productions;MAPPA;Shogakukan;Nippon Television Network,MAPPA,Action;Comedy;Romance,Gender Bending;Martial Arts;Shapeshifting;Arranged Marriage;Heterosexual;Love Triangle;School;Cohabitation;LGBTQ+ Themes;Shounen,,76.0,79.0,0,0,14964,0,14964,139,7577,80,102,59,7146,2026-10-04,,,,The third season of <i>Ranma 1/2 (2024)</i>.,JP,True,#らんまアニメ #ranma,https://s4.anilist.co/file/anilistcdn/media/anime/cover/medium/bx209872-RBeVPqwejHFp.jpg,#e4bb5d,https://s4.anilist.co/file/anilistcdn/media/anime/banner/209872-Qczb4k9Mw0pq.jpg,youtube,dbe8esPSfYI,Ranma Saotome;Akane Tendou;Nabiki Tendou;Kasumi Tendou;Soun Tendou,Rumiko Takahashi (Original Creator);Kounosuke Uda (Director);Kimiko Ueno (Series Composition);Hiromi Taniguchi (Character Design);Atsuko Ishida (Main Animator),Official Site;Twitter;Netflix;TikTok,False,,https://anilist.co/anime/209872,1791540052,1791647760,2,2026-10-09T10:59:21.430157+00:00,anilist
209502,63754.0,Shiotaiou no Satou-san ga Ore ni dake Amai,The Cold Sato-san is Only Sweet to Me,塩対応の佐藤さんが俺にだけ甘い,Shiotaiou no Satou-san ga Ore ni dake Amai,TV,12.0,24.0,RELEASING,LIGHT_NOVEL,FALL 2026,2026,Tezuka Productions;Shouchiku;Good Smile Company;Pony Canyon;arma bianca;AT-X;TOKYO MX;81 Produce;WOWOW;BS-TBS,Tezuka Productions,Comedy;Romance,Heterosexual;Seinen;School;Primarily Teen Cast;Work;Food;Photography,,68.0,70.0,0,0,14898,0,14898,160,7912,35,123,161,6667,2026-10-06,,,,"Sato-san is the unattainable flower of the class. She is always cold and curt with classmates, but only I know she's actually very cute when she smiles, even if she's not much of a photographer. <br><br> Oshio-kun is friendly and lively, but only I know he works at his family's cafe after school. He does a great job with the cafe's SNS account, and his mischievous smile makes my heart skip a beat! <br><br> Innocent and sweet, but sometimes frustrating, this is a 120%-pure fluffy story about two people falling in love for the first time.",JP,True,#しおあま,https://s4.anilist.co/file/anilistcdn/media/anime/cover/medium/bx209502-C81oN8M4Smlo.jpg,#f1bb50,https://s4.anilist.co/file/anilistcdn/media/anime/banner/209502-TATgyznMxQOe.jpg,youtube,8XgKVzuLmJw,Koharu Satou;Souta Oshio;Rinka Sudou;Ren Misono;Shizuku Misono,Kazami Sawatari (Original Creator);Achiki (Original Character Design);Fumihiro Yoshimura (Director);Takashi Aoshima (Series Composition);Daisuke Okushima (Character Design),Twitter;TikTok;Instagram;Official Site;Crunchyroll;Bilibili TV,False,しおあま;ShioAma,https://anilist.co/anime/209502,1791540027,1791896400,2,2026-10-09T10:59:21.430179+00:00,anilist
202250,62922.0,Kashita Maryoku wa [Revo Barai] de Kyousei Choushuu,"Magic Repo Man: Dumped by My Party, I’ll Cash In With a Cute Support Fairy to Become the Strongest!",貸した魔力は【リボ払い】で強制徴収,Kashita Maryoku wa [Revo Barai] de Kyousei Choushuu,TV,,23.0,RELEASING,MANGA,FALL 2026,2026,SynergySP;TV Asahi;TV Asahi Music;Flex Comics;SynergySP;Kotobukiya;BS Asahi;Bushiroad Move;AbemaTV;Ray,SynergySP,Action;Adventure;Fantasy,Revenge;Magic;Fairy;Seinen;Economics;Bullying,,60.0,62.0,0,0,14460,0,14460,145,9172,40,152,156,4940,2026-10-04,,,,"If there's one thing you can never have enough of in a world of RPG-style swords and sorcery, it's magic points! Whether you're fueling spells, techniques, or showing off an incredible ability, you've gotta spend those points to do real damage. But what if you run out? <br><br> Lent is part of the up-and-coming party known as the “Skypiercers,” and thanks to his unique Gift, he can loan massive amounts of magic to others. No MP? No problem with Lent around! Except, now that his companions have become formidable heroes (thanks to his skill), his usefulness is questioned. Kicked out of the group, Lent is furious…until he discovers a hidden power to his Gift. Now, with his adorably devious fairy partner, he's going to claw back every last scrap of magic from his former party—with interest!<br><br> (Source: Seven Seas Entertainment)",JP,True,#魔力リボ,https://s4.anilist.co/file/anilistcdn/media/anime/cover/medium/bx202250-mpm2cvr92Au2.jpg,#bbe45d,,youtube,kXqx3rFSkxc,Empee;Lent;Guy;Misa;Elle,Masakichi (Original Story);Shingou Iijima (Original Character Design);Takahiro Tamano (Director);Ryuusuke Mori (Series Composition);Kazue Mori (Character Design),Twitter;Official Site;Crunchyroll;Bilibili TV;YouTube,False,"貸した魔力は【リボ払い】で強制徴収～用済みとパーティー追放された俺は、可愛いサポート妖精と一緒に取り立てた魔力を運用して最強を目指す。～;Kashita Maryoku wa [Revo Barai] de Kyousei Choushuu ~Youzumi to Party Tsuihou sareta Ore wa, Kawaii Support Yousei to Issho ni Toritateta Maryoku wo Unyou shite Saikyou wo Mezasu.;Maryoku Revo;魔力リボ",https://anilist.co/anime/202250,1791540026,1791649800,2,2026-10-09T10:59:21.430202+00:00,anilist
212503,64254.0,Hyouken no Majutsushi ga Sekai wo Suberu II,The Iceblade Sorcerer Shall Rule the World II,冰剣の魔術師が世界を統べるⅡ,Hyouken no Majutsushi ga Sekai wo Suberu II,TV,,,RELEASING,LIGHT_NOVEL,FALL 2026,2026,Zero-G;TBS,Zero-G,Action;Adventure;Fantasy,Magic;School;Swordplay;Crossdressing;Class Struggle,,66.0,70.0,0,0,14169,0,14169,171,5223,84,154,93,8615,2026-10-09,,,,"Once dismissed as the sole ordinary student at the elite Arnold Academy of Sorcery, Ray White—secretly, the Iceblade Sorcerer—has finally earned his place. With a new school year comes a new challenge: The Magicks War, a grand competition pitting teams from rival schools against each other. But an ominous shadow looms over Ray and his friends as the other grand sorcerers plot their next moves. <br><br> (Source: Crunchyroll)",JP,True,#冰剣の魔術師 #hyouken,https://s4.anilist.co/file/anilistcdn/media/anime/cover/medium/bx212503-sXBpRZr96c4e.jpg,#4378e4,,youtube,oxkxyAcKv2g,Ray White;Amelia Rose;Elisa Griffith;Ariane Algren;Rebecca Bradley,Nana Mikoshiba (Original Story);Riko Korie (Original Character Design);Masahiro Takata (Director);Masahiro Takata (Series Composition);Mariko Kawamoto (Character Design),Twitter;Official Site;Crunchyroll;Bilibili TV,False,The Iceblade Sorcerer Shall Rule the World Season 2,https://anilist.co/anime/212503,1791540029,1792081680,2,2026-10-09T10:59:21.430226+00:00,anilist
206401,63337.0,FX Senshi Kurumi-chan,FX Fighter Kurumi-chan,FX戦士くるみちゃん,FX Senshi Kurumi-chan,TV,12.0,24.0,RELEASING,MANGA,FALL 2026,2026,Passione;KADOKAWA;Docomo Anime Store;AT-X;D-techno;Crunchyroll;arma bianca;BS11;Kansai TV,Passione,Drama;Slice of Life,Female Protagonist;Economics;Gambling;Denpa;Primarily Female Cast;Seinen;Educational;Primarily Adult Cast;Work;Suicide,,69.0,71.0,0,0,14026,0,14026,125,8411,24,75,255,5261,2026-10-01,,,,"University student Kurumi Fukuga has finally fulfilled her long-held desire of starting foreign exchange (FX) trading, motivated by recouping the 20 million yen her late mother lost in trading. ""I'll easily make it back,"" she thought, but the world she enters can become heaven or hell in an instant. Unrealized losses, loss-cutting, unstoppable fluctuations… but she still wants to buy, sell and make money! With fellow FX addicts Mochiko, Mebuki and Yasuko along for the ride, the market heats up! Joy, despair, joy, despair — this is an endearing, yet slightly risky money game. Can Kurumi and her friends survive this turbulent world?<br> <br> (Source: Crunchyroll)",JP,True,#FX戦士くるみちゃん,https://s4.anilist.co/file/anilistcdn/media/anime/cover/medium/bx206401-8cAebkI0i8BA.png,#f1d678,https://s4.anilist.co/file/anilistcdn/media/anime/banner/206401-Nsf3QKwKxDra.jpg,youtube,7rxIZ3z0S4s,Kurumi Fukuga;Mochiko Kogane;Mebuki Yamashi;Yasuko Takane,Demunyan (Original Story);Daisuki Tansan (Original Character Design);Yuuki Ogawa (Director);Kenta Ihara (Series Composition);Kazuyuki Ueda (Character Design),Official Site;Twitter;Crunchyroll;YouTube,False,Kurumi si Pejuang Forex,https://anilist.co/anime/206401,1791540028,1792067400,3,2026-10-09T10:59:21.430250+00:00,anilist
187402,61153.0,"Tensei shita Dai Seijo wa, Seijo de Aru Koto wo Hita Kakusu",A Tale of the Secret Saint,転生した大聖女は、聖女であることをひた隠す,"Tensei shita Dai Seijo wa, Seijo de Aru Koto wo Hita Kakusu",ONA,,24.0,RELEASING,LIGHT_NOVEL,FALL 2026,2026,Felix Film;Hakuhodo DY Music & Pictures;Earth Star Entertainment;BBB;BS11;Bushiroad Move;Sanyo Bussan;Movic;Studio Mausu;JIN;KLOCKWORX,Felix Film,Action;Adventure;Fantasy,Female Protagonist;Dragons;Magic;CGI;Shounen,,67.0,69.0,0,0,13866,0,13866,122,7504,26,144,159,6033,2026-10-03,,,,"Fia always dreamed of becoming a knight. Born into a family of knights, she’s the least talented among them, but she still clutches to her hope and trains with everything she has. When the day comes for her to slay a small demon and prove her worth, she ends up face to face with a dragon instead! A deadly injury makes her life flash before her eyes…and she suddenly remembers her former life, when she was a powerful Saint in a bygone era who defeated the Demon King. That life ended in pain because of who she was, making her fear ever becoming a Saint again. Now that the magic from her previous life has been rekindled, she may become a more powerful knight than she ever dreamed–if only she can survive long enough! <br><br> (Source: Seven Seas Entertainment) <br><br> <i>Note: The series streamed a week in advance on ABEMA, Prime Video, and Crunchyroll starting with episode 2 released alongside episode 1.</i>",JP,True,#大聖女,https://s4.anilist.co/file/anilistcdn/media/anime/cover/medium/bx187402-ReKkLwFmMV3q.jpg,#50bbe4,https://s4.anilist.co/file/anilistcdn/media/anime/banner/187402-bRt4OO90jcmt.jpg,youtube,9oBywQ403ZA,Fia Ruud;Zavilia;Saviz Náv;Cyril Sutherland;Desmond Ronan,Touya (Original Story);chibi (Original Character Design);Tomoe Makino (Director );Naoki Murata (Assistant Director);Hitomi Mieno (Series Composition),Twitter;Official Site;Crunchyroll;Bilibili TV;YouTube;iQ,False,大聖女;Daiseijo,https://anilist.co/anime/187402,1791540041,1791637200,3,2026-10-09T10:59:21.430275+00:00,anilist
206814,63367.0,Dragon Ball Super: Beerus,Dragon Ball Super: Beerus,ドラゴンボール超 ビルス,Dragon Ball Super: Beerus,TV,,,NOT_YET_RELEASED,OTHER,FALL 2026,2026,Toei Animation;Shueisha,Toei Animation,Action;Adventure;Sci-Fi,Super Power;Martial Arts;Gods;Shounen;Male Protagonist;Henshin;Aliens;Space;Angels,,,,0,0,13793,0,13793,237,2202,303,102,38,11148,2026-10-11,,,,"Several years have passed since the fierce battle against Majin Buu, and Earth has finally regained a brief moment of peace. At the same time, Beerus, the God of Destruction, awakens from his long, deep sleep.<br> Even Kai and Supreme Kai, aware of Beerus's overwhelming power to destroy entire planets, watch his awakening with great fear… Meanwhile, Beerus hears rumors of a Saiyan who defeated Frieza—and suddenly appears before Goku.<br> Targeted by Beerus, the strongest being in the universe, Earth is in grave danger. Thus begins an earth-shattering cosmic battle between the God of Destruction and Goku and his alliesa—a conflict that will shake the entire universe. <br><br> (Source: Official Site) <br><br> <i>Note: “Enhanced” edition of Dragon Ball Super, featuring a large volume of newly added and redrawn cuts, a reconstructed narrative, and updated visuals for a more immersive and faithful representation of Akira Toriyama’s original manga.</i>",JP,True,,https://s4.anilist.co/file/anilistcdn/media/anime/cover/medium/bx206814-PVVzRbf1IQpe.jpg,#e48643,https://s4.anilist.co/file/anilistcdn/media/anime/banner/206814-ARuwrZJAGONN.jpg,youtube,CFgEL7ei8VE,Gokuu Son;Vegeta;Whis;Beerus;Bulma,Akira Toriyama (Original Creator);Norihito Sumitomo (Music);Tadayoshi Yamamuro (Animation Director);Junya Yamaike (Theme Song Performance (ED));Megatera Zero (Theme Song Performance (OP)),Official Site;Official Site;Twitter;Netflix,False,DBS Beerus,https://anilist.co/anime/206814,1791540053,1791728160,1,2026-10-09T10:59:21.430299+00:00,anilist
209219,63712.0,Tensei Goblin Dakedo Shitsumon Aru?,So What's Wrong with Getting Reborn as a Goblin?,転生ゴブリンだけど質問ある？,Tensei Goblin Dakedo Shitsumon Aru?,ONA,,24.0,RELEASING,MANGA,FALL 2026,2026, BAKKKA;Hakuhodo DY Music & Pictures;INCS toenter;BS11;AbemaTV;SANKYO;Bushiroad Move, BAKKKA,Action;Adventure;Comedy;Drama;Fantasy;Romance,Goblin;Isekai;Magic;Seinen,,67.0,69.0,0,0,13671,0,13671,138,8813,37,135,146,4540,2026-10-05,,,,"Office worker Akira Yagami’s altruistic nature usually gets him the short end of the stick. When he dies after saving a kid from oncoming traffic...he reincarnates in another world as a goblin?! Normally, goblins only live for seven days, but Akira’s newfound powers let him defy the species’ normal life span...and are the key to his path to becoming the strongest goblin ever! <br><br> (Source: Yen Press)<br><br>  <i>Note: Tensei Goblin Dakedo Shitsumon Aru? is streaming 1 week in advance of the TV broadcast on ABEMA and Prime Video beginning with episode 2 on October 5th, 2026</i>",JP,True,#転ゴブ,https://s4.anilist.co/file/anilistcdn/media/anime/cover/medium/bx209219-3yhKlRx0LX3p.jpg,#a1c950,,youtube,ynr8tFWrK4c,Akira;Karen;Chloe;Simon;Eirene,Nazuna Miki (Original Story);Tsukasa Araki (Original Character Design);Ryouta Kawahara (Director );Yuuichirou Momose (Series Composition);Hiroyuki Saita (Character Design),Twitter;Official Site;Crunchyroll;YouTube;Bilibili TV;iQ,False,転ゴブ;เกิดใหม่เป็นก็อบลินแล้วไง มีคำถามอะไรไหม?;Tengobu,https://anilist.co/anime/209219,1791540026,1791810000,3,2026-10-09T10:59:21.430324+00:00,anilist
176314,58518.0,Sasaki to Pii-chan Season 2,Sasaki and Peeps Season 2,佐々木とピーちゃん シーズン２,Sasaki to Pii-chan Season 2,TV,12.0,24.0,RELEASING,LIGHT_NOVEL,FALL 2026,2026,KADOKAWA;SILVER LINK.,SILVER LINK.,Comedy;Fantasy;Mahou Shoujo,Urban Fantasy;Animals;Male Protagonist;Isekai;Yandere;Politics;Royal Affairs;Estranged Family;Language Barrier;Crossover,,68.0,73.0,0,0,12532,0,12532,130,4042,38,104,72,8276,2026-10-07,,,,The second season of <i>Sasaki to Pii-chan</i>.,JP,True,#ささピー #sasapi,https://s4.anilist.co/file/anilistcdn/media/anime/cover/medium/bx176314-lpvca6vjmkeO.jpg,#1a78d6,https://s4.anilist.co/file/anilistcdn/media/anime/banner/176314-nj2hmqbGQ9HJ.jpg,youtube,gY0hpk9E7p8,Sasaki;Piercarlo;Kurosu;Hoshizaki-san;Shizuka Futari,Buncololi (Original Story);Kantoku (Original Character Design);Yuushi Ibe (Director );Yamato Oouchi (Assistant Director);Hitomi Mieno (Series Composition),Twitter;Official Site;Crunchyroll;Bilibili TV,False,佐々木とピーちゃん 第２期;Sasaki to Pii-chan 2nd Season;ささピー 2;SasaPii 2,https://anilist.co/anime/176314,1791540042,1791982800,2,2026-10-09T10:59:21.430352+00:00,anilist
178972,59217.0,GROTESQQQUE,,GROTESQQQUE-グロテスク-,GROTESQQQUE,MOVIE,3.0,,NOT_YET_RELEASED,ORIGINAL,FALL 2026,2026,CloverWorks;JOEN;Aniplex,CloverWorks,Action;Comedy;Drama;Sci-Fi;Slice of Life;Supernatural,Gyaru;Vampire;Aliens;Anthology;Video Games;Monster Girl;Battle Royale;Found Family;LGBTQ+ Themes;Virtual World,,,,0,0,12419,0,12419,68,685,32,64,19,11619,2026-11-06,2026-11-06,,,"Anthology movie consisting of three original animation segments:<br><br>  <b>Q1 - ÆLIENS</b> (エリィアンズ)<br> Earth has entered an era of intergalatic exchange.<br> Amidst swirling prejudice and fear of aliens, Elie, an alien girl, arrives as a space goodwill ambassador. She loves Earth's culture and its often absurd daily life, and has teamed up with a civil servant working at the space agency to search for ""friends"".<br><br>  <b>Q2 - Yoroshiku★Shoujo</b> (夜露死駆★少女)<br> GALs TOKYO, a city where morning never comes.<br> Night after night, girls who have lost their place in reality, known as ""Gal P"", gather here. Their goal is to become the winner, the ""Queen"" in a game called ""Queen of Butterfly"" or ""QoB"" for short.<br><br>  <b>Q3 - Nocturne: Kono Grotesque na Yoru ni</b> (ノクターン～このグロテスクな夜に～)<br> A world after humanity has perished.<br> Traveling in a van are Ayame, a pure-blooded vampire, and three girls who survived by being bitten and ""infected"" by her. There, they find a sky full of star",JP,True,#GTQ123 #GROTESQQQUE,https://s4.anilist.co/file/anilistcdn/media/anime/cover/medium/bx178972-THp4trZ9uR9b.jpg,#f1e40d,,youtube,s4dAQP5MlCs,Elien Hoshigi;Kento Kunikura;Nanashi;STELLA;Ayame,Atsushi Nishigori (Original Character Design);Atsushi Nishigori (Director);Kazuko Nakashima (Color Design);Akinori  Mishima (Editing);Daiki Yamaki (Sound Director),Twitter;Official Site,False,GTQ123;ÆLIENS (エリィアンズ);AELIENS;Yoroshiku★Shoujo (夜露死駆★少女);4649Girl,https://anilist.co/anime/178972,1791540044,1793890800,1,2026-10-09T10:59:21.430398+00:00,anilist
198727,62484.0,Chitose-kun wa Ramune Bin no Naka Part 2,Chitose Is in the Ramune Bottle 2nd Cour,千歳くんはラムネ瓶のなか 2クール,Chitose-kun wa Ramune Bin no Naka Part 2,TV,,,NOT_YET_RELEASED,LIGHT_NOVEL,FALL 2026,2026,feel.;KADOKAWA,feel.,Comedy;Romance,Female Harem;Primarily Female Cast;Primarily Teen Cast;School;Male Protagonist;Heterosexual;Philosophy;Female Protagonist,,,,0,0,11424,0,11424,125,1970,49,110,57,9238,2026-10-13,,,,The second part of <i>Chitose-kun wa Ramune Bin no Naka</i>.,JP,True,#チラムネ,https://s4.anilist.co/file/anilistcdn/media/anime/cover/medium/bx198727-BL0JTpg0G8tq.jpg,#bbe4f1,,youtube,8RHh2AyKRfY,Saku Chitose;Yuuko Hiiragi;Asuka Nishino;Mai Toudou,Hiromu (Original Story);Raemz (Original Character Design);Yuuji Tokuno (Director );Naruhisa Arakawa (Series Composition);Sumie Kinoshita (Character Design),Official Site;Twitter;Crunchyroll,False,Chiramune;チラムネ;Chitose Is in the Ramune Bottle Part 2,https://anilist.co/anime/198727,1791540121,1791900000,1,2026-10-09T10:59:21.430418+00:00,anilist
180894,59787.0,Romelia Senki: Maou wo Taoshita nochi mo Jinrui Yabasou dakara Guntai Soshiki Shita,Romelia War Chronicle,ロメリア戦記 〜魔王を倒した後も人類やばそうだから軍隊組織した〜,Romelia Senki: Maou wo Taoshita nochi mo Jinrui Yabasou dakara Guntai Soshiki Shita,ONA,,24.0,RELEASING,LIGHT_NOVEL,FALL 2026,2026,Pony Canyon;Atra;Rakuten;TOKYO MX;BS11;Movic;SANKYO;Bit grooove promotion,Atra,Adventure;Drama;Fantasy,Female Protagonist;Exiled;Politics;Military;Royal Affairs;Economics;Shounen;Villainess,,68.0,71.0,0,0,10976,0,10976,93,7036,19,87,67,3767,2026-10-03,,,,"Romelia and her party succeed in defeating the Demon King Zelgis, though Prince Henri’s reckless charge forces them into a grueling battle. In the aftermath, Romelia is branded ""dead weight"" for not fighting directly, and the Prince unilaterally breaks off their engagement. Denied a place in the victory celebrations, Romelia returns home, only to be met with cold indifference from her family and society. Yet, she refuses to break. She has already set her sights on the path that lies ahead. <br><br> (Source: Crunchyroll) <br><br> <i>Note: Romelia War Chronicle was streamed 2 days in advance of the TV broadcast on AnimeTimes, U-NEXT, and Netflix beginning October 3, 2026. Regular broadcasting began on October 5, 2026.</i>",JP,True,#ロメリア戦記,https://s4.anilist.co/file/anilistcdn/media/anime/cover/medium/bx180894-o3pz4DWFm3je.png,#4393e4,,youtube,PxXPcoo8uGM,Romélia von Graham;Al;Ray;Henri Lleus Lionel;Elizabeth,Ryou Ariyama (Original Story);Kodama (Original Illustration);Masakazu Miyake (Art Director);Kouta Yamamoto (Music);Kouta Yamamoto (Theme Song Arrangement (ED)),Official Site;Twitter;YouTube;Crunchyroll,False,A History of the Romelia,https://anilist.co/anime/180894,1791540029,1791633600,2,2026-10-09T10:59:21.430443+00:00,anilist
211778,64084.0,"Sekai Saikyou no Majo, Hajimemashita",The World's Strongest Witch,世界最強の魔女、始めました,"Sekai Saikyou no Majo, Hajimemashita",TV,,24.0,RELEASING,LIGHT_NOVEL,FALL 2026,2026,Bridge;Aisle;Pony Canyon,Bridge;Aisle,Action;Comedy;Fantasy,Female Protagonist;Virtual World;Travel;Primarily Female Cast;Meta;Magic;Parody;Cute Girls Doing Cute Things;Shounen;Gods,,66.0,70.0,0,0,10628,0,10628,91,5936,23,90,107,4472,2026-10-07,,,,"After using her SSS-Rank skill, Internet, to crush her former family’s ambitions, Lorna is free to travel the world. Her next stop is the port town of Aquas, where she hopes to see the sights and chow down on some fresh seafood. But when she arrives, the place is on the brink of destruction thanks to a certain Weekly Quest… Good thing Lorna has the gods on her side! <br><br> (Source: Crunchyroll)",JP,True,#世界最強魔女 #せかまじょ,https://s4.anilist.co/file/anilistcdn/media/anime/cover/medium/bx211778-0MXK5HqVFBYH.jpg,#5dbbf1,https://s4.anilist.co/file/anilistcdn/media/anime/banner/211778-ZbXEhqfFkj62.jpg,youtube,snJZD9vxfHY,Rona Hermit;Reinhardt Highwind;Elmina Manafire;Elna;Ruru Rie,Mochimaru Sakaki (Original Story);riritto (Original Character Design);Tamaki Toga (Original Illustration);Jouji Furuta (Director);Shouji Yonemura (Series Composition),Official Site;Twitter;Crunchyroll;Bilibili TV;YouTube,False,"Sekai Saikyou no Majo, Hajimemashita: Watashi dake ""Kouryaku Site"" wo Mireru Sekai de Jiyuu ni Ikimasu;世界最強の魔女、始めました　～私だけ『攻略サイト』を見れる世界で自由に生きます～;Sekamajo;せかまじょ",https://anilist.co/anime/211778,1791540032,1791982800,2,2026-10-09T10:59:21.430469+00:00,anilist
211877,64131.0,Kanojo no Tomodachi,My Girlfriend's Friend,彼女の友達,Kanojo no Tomodachi,TV_SHORT,12.0,12.0,RELEASING,MANGA,FALL 2026,2026,WWWave;Quad,Quad,Drama;Ecchi;Romance,Heterosexual;Netorare;Cheating;Female Protagonist;Nudity;Episodic;Seinen;Large Breasts;Male Protagonist;School,,49.0,51.0,0,0,10142,0,10142,138,4639,36,116,298,5053,2026-10-05,2026-12-21,,,"For the first time in my life, I have a girlfriend. But her friend tempts me with a body that's so seductive... What would you do if your girlfriend's friend came on to you like this?  <br><br> (Source: Yanmaga, translated)",JP,True,#カノトモアニメ #彼女の友達,https://s4.anilist.co/file/anilistcdn/media/anime/cover/medium/bx211877-yWQ2r7XmWvG6.jpg,#f1a15d,,youtube,E-stx_wwVSs,Takeru Hidaka;Kaori Koga;Tomoko Yoshioka;Miyuki;Kaori no Haha,Jyura (Original Creator);Takashi Yasudo (Director);Gokou Shiraki (Series Composition);Ryuuji Iwata (Character Design);Kazuma Akagi (Prop Design),Twitter;Official Site;OceanVeil,False,,https://anilist.co/anime/211877,1791540050,1791734700,2,2026-10-09T10:59:21.430493+00:00,anilist
190054,61440.0,Watashi no Shiawase na Kekkon Tokubetsu-hen,My Happy Marriage Special Episodes,わたしの幸せな結婚 特別篇,Watashi no Shiawase na Kekkon Tokubetsu-hen,SPECIAL,3.0,,NOT_YET_RELEASED,,FALL 2026,2026,KADOKAWA;Kinema Citrus,Kinema Citrus,Drama;Romance;Supernatural,Heterosexual;Shoujo;Marriage;Arranged Marriage;Female Protagonist;Historical;Urban Fantasy,,,,0,0,10016,0,10016,90,798,182,113,45,8878,2026-10-25,2026-10-25,,,"As their big day draws closer, Miyo and Kiyoka feel their love deepening. And when Miyo attends a cooking class with Hazuki, she meets an old classmate! <br><br> (Source: Netflix Anime)",JP,True,#わたしの幸せな結婚 #わた婚アニメ,https://s4.anilist.co/file/anilistcdn/media/anime/cover/medium/bx190054-8h0AuqQjwcCL.png,#e44378,,youtube,SZc3Lp1_iS4,Miyo Saimori;Kiyoka Kudou;Yoshito Godou;Hazuki Kudou;Kimio Nagaba,Akumi Agitogi (Original Story);Tsukiho Tsukioka (Original Character Design);Takehiro Kubota (Director);Takehiro Kubota (Series Composition);Shouko Yasuda (Character Design),Instagram;TikTok;Official Site;Twitter;Netflix,False,,https://anilist.co/anime/190054,1791540121,1792922400,1,2026-10-09T10:59:21.430515+00:00,anilist
178868,59204.0,Magic Knight Rayearth (2026),Magic Knight Rayearth (2026),魔法騎士レイアース (2026),Magic Knight Rayearth (2026),TV,,,RELEASING,MANGA,FALL 2026,2026,E&H Production;Kodansha;TMS Entertainment;TV Asahi,E&H Production,Adventure;Fantasy;Mahou Shoujo;Mecha,Female Protagonist;Shoujo;Isekai;Tomboy;Magic;Super Power;Super Robot;Henshin;Medieval;Chibi,,66.0,71.0,0,0,9579,0,9579,76,3673,25,57,103,5721,2026-10-07,,,,"Hikaru Shidou, Umi Ryuuzaki, and Fuu Hououji aren't from Cephiro. While on a school field trip to the Tokyo Tower, the three girls' minds are on anything but different worlds filled with magic and wonder. That is, until Princess Emeraude, the Pillar of Cephiro, cries out for the Magic Knights to save her world--and that just happens to be those three! <br><br>  (Source: Crunchyroll)",JP,True,#魔法騎士レイアース,https://s4.anilist.co/file/anilistcdn/media/anime/cover/medium/bx178868-mfp0HIHNJNAm.jpg,#e4a150,https://s4.anilist.co/file/anilistcdn/media/anime/banner/178868-l7VyM7j7LRtH.jpg,youtube,67GqhfLw3ys,Hikaru Shidou;Umi Ryuuzaki;Fuu Hououji;Clef;Ferio,CLAMP (Original Creator);Yui Miura (Director);Takayuki Sano (Assistant Director);Shigeru Murakoshi (Series Composition);Satomi Watanabe (Character Design),Twitter;YouTube;Official Site;TikTok;Crunchyroll,False,Magical Knight Rayearth New Project,https://anilist.co/anime/178868,1791540070,1791989160,2,2026-10-09T10:59:21.430541+00:00,anilist
200455,62753.0,"Yowaki MAX Reijou Nano ni, Ratsuwan Konyakusha-sama no Kake ni Notte Shimatta","Even Though I'm a Super Timid Noble Girl, I Accepted the Bet From My Cunning Fiancé",弱気MAX令嬢なのに、辣腕婚約者様の賭けに乗ってしまった,"Yowaki MAX Reijou Nano ni, Ratsuwan Konyakusha-sama no Kake ni Notte Shimatta",TV,12.0,24.0,RELEASING,LIGHT_NOVEL,FALL 2026,2026,Jumondou;KADOKAWA;Docomo Anime Store;Studio Flag;BS Asahi;AT-X;TOKYO MX;Sumiseki;Nippon Columbia;Sun Television;Jumondou,Jumondou,Comedy;Fantasy;Romance,Female Protagonist;Isekai;Villainess;Heterosexual;Shoujo,,67.0,70.0,0,0,9318,0,9318,88,5224,20,91,119,3864,2026-10-04,,,,"I was reborn as a villainous daughter in a reverse harem otome game.  <br><br> After being sick with a high fever at the age of 10, Pia Rockwell suddenly remembered her past life as a university student in Japan. But far from going down the villainess route, all this super timid girl wants is to finally use her knowledge from when she was a grad student studying to get her doctorate in paleontology. Her ultimate goal is to become a commoner, excavate fossils, build a museum and then become a curator. <br><br> So in order to escape the villainess route and avoid being deported by her fiancé during the graduation ball, Pia decides to avoid the upcoming hurt and heartache and asks to break off her engagement to Rufus, the Prime Minister's son. <br><br> But will her cunning fiancé let her go that easily?",JP,True,,https://s4.anilist.co/file/anilistcdn/media/anime/cover/medium/bx200455-P3XStRQMJ7Di.png,#e45d35,https://s4.anilist.co/file/anilistcdn/media/anime/banner/200455-rlIXyuk0jHE3.jpg,youtube,e41RGxVwJRs,Pia Rockwell;Rufus Stan;Caroline Ramsey;Erin White;Henry Cox,Hiro Oda (Original Story);Tsubasa.v (Original Character Design);Nobuaki Nakanishi (Director );Hiroko Fukuda (Series Composition);Hyun Sik Choi (Character Design),Official Site;Twitter;Crunchyroll,False,,https://anilist.co/anime/200455,1791540053,1791729000,2,2026-10-09T10:59:21.430563+00:00,anilist
186742,61014.0,Toaru Anbu no ITEM,A Certain Dark Item,とある暗部の少女共棲,Toaru Anbu no ITEM,TV,,,NOT_YET_RELEASED,LIGHT_NOVEL,FALL 2026,2026,J.C.STAFF,J.C.STAFF,Action;Sci-Fi,Primarily Female Cast;Urban Fantasy;Urban;Super Power,,,,0,0,8791,0,8791,71,1742,12,60,24,6953,2026-10-09,,,,"This is a story of four girls living in the ""Dark Side"" of Academy City.<br> <br> In Academy City where ""ESP"" has been recognized as a general science. Behind the peace, there is a Dark Side organization that undertakes missions that cannot be made public.<br> <br> ""ITEM"" is an elite unit consisting of four girls. Takitsubo Rikou is able to read and track the AIM fields emitted by those with abilities. Frenda Seivelun, who excels in combat using explosives and traps.<br> <br> Kinuhata Saiai, who can manipulate nitrogen at will and plays a defensive role. And one of the 7 Espers that Academy City is proud of: Mugino Shizuri. They live freely in the darkness of the Academy City, and quietly set their sights on their target...!<br> <br> This is a story of encounter, friendship, and darkness that eventually leads to a terrible incident!<br> <br> (Source: Kadokawa, translated)",JP,True,#少女共棲 #アイテム #とある,https://s4.anilist.co/file/anilistcdn/media/anime/cover/medium/bx186742-v7yfbefc8fuO.png,#35f1a1,,youtube,NNHxQJgZdbQ,Shizuri Mugino;Rikou Takitsubo;Frenda Seivelun;Saiai Kinuhata;Choubi Hanano,Kazuma Kamachi (Original Story);Kiyotaka Haimura (Original Character Design);Nilitsu (Original Character Design);Tatsuyuki Nagai (Director );Shigeki Kimoto (Character Design),Twitter;Official Site;Crunchyroll,False,A Certain Dark Side's Item,https://anilist.co/anime/186742,1791540101,1791552600,1,2026-10-09T10:59:21.430583+00:00,anilist
199007,62524.0,#Zombie Sagashitemasu,#I'm Looking For a Zombie,#ゾンビさがしてます,#Zombie Sagashitemasu,TV,12.0,23.0,RELEASING,MANGA,FALL 2026,2026,Studio Comet;KADOKAWA;TV Asahi;arma bianca;Studio Comet;Jinnan Studio,Studio Comet,Action;Comedy;Horror;Mystery;Supernatural,Zombie;Post-Apocalyptic;Survival;Travel;Female Protagonist;Cute Girls Doing Cute Things;Urban;Primarily Female Cast;Shounen;Tomboy,,59.0,62.0,0,0,8529,0,8529,63,4746,28,79,246,3430,2026-10-03,,,,"It may be a ruined city ravaged by zombies, but to Aki and her friends, it’s amazing! Having grown up only hearing stories of the old world and the mysterious outbreak that wiped out humanity, she sets off with her childhood friends in search of her missing father. Things quickly become a fight for survival outside the safety of their small village, yet they’ve never felt more alive. <br><br> (Source: Crunchyroll)",JP,True,#ゾンます,https://s4.anilist.co/file/anilistcdn/media/anime/cover/medium/bx199007-8R1HsnflnHJE.jpg,#5078e4,,youtube,_0kVb8-uRSI,Aki;Natsuki;Haru;Yuu;Sakura,Katsuwo (Original Creator);Shinya Une (Director);Kyouhei Suzuki (Assistant Director);Kenichi Yamashita (Series Composition);Aki Itami (Series Composition),Twitter;Official Site;Crunchyroll,False,Zommasu;ゾンます,https://anilist.co/anime/199007,1791540049,1791642600,2,2026-10-09T10:59:21.430617+00:00,anilist
195571,61999.0,Shuiro no Kamen,The Vermilion Mask,朱色の仮面,Shuiro no Kamen,TV,,,NOT_YET_RELEASED,MANGA,FALL 2026,2026,Yomiuri TV;100studio,100studio,Action;Drama;Supernatural,Seinen;Curses;Magic,,,,0,0,7656,0,7656,58,1337,11,94,28,6186,2026-10-10,,,,"""The Mask” gives power to anyone who wears it.<br><br>  At times, that means endless possibility, or unimaginable tragedy…<br><br>  Peru, pupil of the legendary mask maker Gaston Roux, becomes controlled by the “Mask of the Warrior God,” and unintentionally kills his friends, and even his own master. <br><br> In order to prevent this type of tragedy from reoccurring, Peru swears to destroy all of Gaston’s masks that are spread around the world. Confronting the sins that he has committed, he embarks on his voyage. Meeting new friends, then confronting powerful foes. The boy continues on. Until the day he can atone for his sins against his master. <br><br> (Source: The Vermillion Mask English Site)",JP,True,#朱色の仮面,https://s4.anilist.co/file/anilistcdn/media/anime/cover/medium/bx195571-fvj7u5GI7BRT.jpg,#e4bb5d,,youtube,iX4N-Z5Hbxw,Peru D'Arrest;Sonarue Maywood;Mok Sharib;Gouon;Totoque,C Bo (Original Story);Nabana Naba (Original Character Design);Tetsuaki Watanabe (Director);Kai Hasako (Assistant Director);Daisuke Oohigashi (Series Composition),Official Site;Twitter;Crunchyroll;Twitter,False,,https://anilist.co/anime/195571,1791540051,0,0,2026-10-09T10:59:21.430642+00:00,anilist
213657,64503.0,Yozakura-san Chi no Daisakusen 2nd Season Part 2,Mission: Yozakura Family Season 2 Part 2,夜桜さんちの大作戦 第2期 第2クール,Yozakura-san Chi no Daisakusen 2nd Season Part 2,TV,,,NOT_YET_RELEASED,MANGA,FALL 2026,2026,SILVER LINK.,SILVER LINK.,Action;Comedy;Romance,Espionage;Shounen;Guns;Male Protagonist;Female Protagonist;Family Life,,,,0,0,6732,0,6732,66,1074,29,115,37,5477,2026-10-11,,,,The second cour of the second season of <i>Yozakura-san Chi no Daisakusen</i>.,JP,True,#アニメ夜桜さん #夜桜さんちの大作戦 #MissionYozakuraFamily,https://s4.anilist.co/file/anilistcdn/media/anime/cover/medium/bx213657-ORNXVEBCjXaz.jpg,#5dbbe4,,youtube,059cJjeY19Y,Taiyou Asano;Mutsumi Yozakura;Kyouichirou Yozakura;Futaba Yozakura;Shinzo Yozakura,Hitsuji Gondaira (Original Creator);Mirai Minato (Chief Director);Takahiro Nakatsugawa (Director);Mirai Minato (Series Composition);Mizuki Takahashi (Character Design),Official Site;Twitter;TikTok,False,,https://anilist.co/anime/213657,1791540121,1791705600,1,2026-10-09T10:59:21.430667+00:00,anilist
209499,63751.0,TANK CHAIR: Sensha Isu,TANK CHAIR,TANK CHAIR-戦車椅子-,TANK CHAIR: Sensha Isu,TV,,25.0,RELEASING,MANGA,FALL 2026,2026,POLYGON PICTURES;Bandai Namco Filmworks;Kodansha;POLYGON PICTURES;Bandai Namco Music Live;BS11,POLYGON PICTURES,Action;Sci-Fi,Disability;Rehabilitation;Dystopian;Full CGI;Assassins;Super Power;Shounen;Anthropomorphism;Gore;Body Horror,,60.0,64.0,0,0,6656,0,6656,61,3324,14,61,206,3051,2026-10-04,,,,"Shizuka takes on the most dangerous of assassin jobs, but she's not the one doing the killing. Rather, it's her brother, Nagi, a strong assassin who took a bullet to protect his sister, leaving him in a comatose state and having to use a wheelchair. However, Shizuka has figured out the key to waking her brother up: he must be faced with killing intent! Thus begins a violent journey of recovery, battling the most dangerous foes! <br><br> (Source: Kodansha USA)",JP,True,#TANKCHAIR #戦車椅子,https://s4.anilist.co/file/anilistcdn/media/anime/cover/medium/bx209499-S0sWFrCpft85.jpg,#e4c95d,,youtube,ihAvU833DHA,Nagi Taira;Shizuka Taira;Naozumi Kurosaka;Touka Kurosaka;Dr. Radio,Manabu Yashiro (Original Creator);Hiroaki Andou (Director);Tadahiro Yoshihira (Director);Tadahiro Yoshihira (Series Composition);Yuuki Moriyama (Character Design),TikTok;Official Site;Instagram;Twitter;Official Site;Prime Video,False,,https://anilist.co/anime/209499,1791540026,1791727200,2,2026-10-09T10:59:21.430692+00:00,anilist
160803,54344.0,Mahou Shoujo Ikusei Keikaku: restart,MAGICAL GIRL RAISING PROJECT restart,魔法少女育成計画 restart,Mahou Shoujo Ikusei Keikaku: restart,TV,,24.0,RELEASING,LIGHT_NOVEL,FALL 2026,2026,SynergySP;Odd Entertainment;SynergySP;MediaNet;Sony Pictures Entertainment;AMUSE CREATIVE STUDIO;BS Fuji,SynergySP,Action;Fantasy;Mahou Shoujo;Thriller,Female Protagonist;Magic;Kuudere;Primarily Female Cast;Death Game;Battle Royale;Gore;Isekai,,60.0,67.0,0,0,6567,0,6567,63,1843,10,51,96,4567,2026-10-06,,,,"Some magical girls fight. Others do not. Chosen by the mysterious Land of Magic, which exists unbeknownst to the rest of the world, magical girls are each granted a unique power. Pechka, whose magic makes food delicious, is forced to take part in a mysterious virtual game together with 16 unfamiliar magical girls, each with her own distinctive personality. It was supposed to be a safe training exercise designed to improve their magical abilities. But instead, it marks the beginning of a carefully orchestrated nightmare - a forbidden trial. A new Magical Girl Raising Project has begun.<br><br>  (Source: OceanVeil)",JP,True,#魔法少女育成計画 #まほいく,https://s4.anilist.co/file/anilistcdn/media/anime/cover/medium/bx160803-Rcr3IvhE7q9c.png,#e4ae93,,youtube,34ubb-j0kbI,Kanoe Hitokouji;Mamori Totoyama;Koyuki Himekawa;Noriko Nonohara;Karin Sonoda,Asari Endou (Original Creator);Maruino (Original Character Design);Hiroyuki Hashimoto (Director);Takao Yoshioka (Series Composition);Masako Itou (Character Design),Twitter;Twitter;Official Site;YouTube;Twitter;OceanVeil;YouTube,False,まほいく;MahoIku,https://anilist.co/anime/160803,1791541462,1791824400,2,2026-10-09T10:59:21.430717+00:00,anilist
187316,61140.0,Gensou Suikoden,,幻想水滸伝,Gensou Suikoden,TV,23.0,,RELEASING,VIDEO_GAME,FALL 2026,2026,KONAMI animation;NBCUniversal Entertainment Japan;KADOKAWA;Kansai TV;BS Asahi;Konami Digital Entertainment;Frontier Works;Shouchiku;TOKYO MX;INSPION EDGE,KONAMI animation,Action;Adventure;Fantasy,War;Magic;Shounen;Super Power;Swordplay;Male Protagonist,,60.0,66.0,0,0,5828,0,5828,53,2718,16,85,142,2867,2026-10-03,,,,"Two young boys... the hero, Riliu, and his best friend Jowy, were members of a youth brigade of their home nation, the Highland Kingdom - a powerful military nation located in the north-east of the Dunan region.<br><br>  The two of them looked up at the same starry skies, slept in the same tent, and believed in the same future. Once the fighting was over, and the night ended, their daily lives were sure to return.<br><br>  Contrary to their hopes, the two boys become swept up in the whirlpool of fate, guided by the flames of war.<br><br>  The powerless boys reached for, and grasped immense power. As the 108 stars shine brightly in the murky horizon, the boys step forward, each with their own beliefs for an answer-less question.<br><br>  (Source: Official Website, translated)",JP,True,#幻想水滸伝 #AnimeSuikoden,https://s4.anilist.co/file/anilistcdn/media/anime/cover/medium/bx187316-jucYCojVTjSY.jpg,#e4bb5d,,youtube,m4T9VcBD0vo,Riou;Jowy Atreides;Nanami;Victor;Luca Blight,Konami Digital Entertainment (Original Creator);Yoshitaka Murayama (Original Creator);Arata Suzuki (Original Character Design);Yuuzou Satou (Director);Michihiro Tsuchiya (Series Composition),Twitter;Official Site;Official Site;YouTube,False,Suikoden: The Anime,https://anilist.co/anime/187316,1791538841,1791630000,2,2026-10-09T10:59:21.430741+00:00,anilist
206774,63381.0,"Mouse Cursor de Genjitsu wo Sousa Dekiru You ni Natta node, Onnanoko wo Ippai Click Shimasu","Now That I Can Control Reality With A Mouse Cursor, I'm Gonna Click Away On The Girls!",マウスカーソルで現実を操作できるようになったので、女の子をいっぱいクリックしまーす,"Mouse Cursor de Genjitsu wo Sousa Dekiru You ni Natta node, Onnanoko wo Ippai Click Shimasu",TV_SHORT,8.0,6.0,RELEASING,MANGA,FALL 2026,2026,Suiseisha;Studio Houkiboshi,Studio Houkiboshi,Ecchi;Romance;Supernatural,Male Protagonist;School;Nudity,,50.0,53.0,0,0,5687,0,5687,72,3025,29,79,135,2419,2026-10-05,,,,"What if you could control reality with a mouse cursor? <br><br> One day during class, Takumi— an otaku — notices his mouse cursor has sprung out of the screen. <br><br> Panicked, he asks his childhood friend Mone, sitting next to him, to take a look, only to be brushed off... <br><br> Once Takumi realizes he could actually control it himself, he uses the mouse cursor— visible only to him— to slip it in between Mone's clothes and starts clicking away... <br><br> Here's Japan’s (probably) first new genre of romcom, ""Clicking Away at a Gyaru Who's Mean to Otakus with a Mouse Cursor""! <br><br> (Source: Official Site) <br><br> <i>Note: Episode 1 receives an advanced distribution on AnimeFesta on September 11th, 2026. The start date reflects the start of the regular series broadcasting.</i>",JP,True,#アニメマウスカーソル,https://s4.anilist.co/file/anilistcdn/media/anime/cover/medium/bx206774-gXVdrySlLY6y.jpg,#f1c9ae,,youtube,2zhlC9mffas,Takumi Matsuo;Mone Himeno;Kaoru Nishimiya;Mirei Aida,Okumaro (Original Creator);Makoto Sokuza (Director);Eeyo Kurosaki (Series Composition);Minakyawaakapiv (Character Design);Do Kim Hoan Tran (Art Director),Official Site;OceanVeil;Official Site;Twitter,False,"Click Me All Over;Mouse Cursor, I'm Gonna Click Away On The Girls!",https://anilist.co/anime/206774,1791537261,1791734400,2,2026-10-09T10:59:21.430762+00:00,anilist
212799,64326.0,Marronnier Oukoku no Shichinin no Kishi,The Seven Knights of the Marronnier Kingdom,マロニエ王国の七人の騎士,Marronnier Oukoku no Shichinin no Kishi,TV,20.0,25.0,RELEASING,MANGA,FALL 2026,2026,J.C.STAFF;NHK;NHK Enterprises;Amazon MGM Studios,J.C.STAFF,Comedy;Fantasy;Romance,Josei;Cute Boys Doing Cute Things;Politics;Medieval;Male Protagonist;Royal Affairs;Swordplay;Male Harem;Crossdressing;Female Protagonist,,61.0,66.0,0,0,5444,0,5444,31,2772,13,46,217,2396,2026-10-03,,,,"At the heart of a continent of eight kingdoms lies the Marronnier Kingdom. Its general, Baribara, has seven sons, each with a unique gift and serving as a knight commander. Bound by a single noble cause of heroically rescuing a princess someday, the brothers set out as goodwill ambassadors to the seven neighboring kingdoms. What encounters, trials, and destinies await them in these unknown lands? <br><br> (Source: Amazon Prime Video)",JP,True,#アニメマロニエ,https://s4.anilist.co/file/anilistcdn/media/anime/cover/medium/bx212799-n7WDdic7IL1z.png,#e46b5d,,youtube,wk26nTxUzPY,Hakuai;Atsugariya;Samugariya;Harapeko;Kemonotsukai,Nao Iwamoto (Original Creator);Kiyoko Sayama (Director);Shinzou Fujita (Series Composition);Yuriko Maeda (Character Design);Jin Aketagawa (Sound Director),Official Site;Twitter;Amazon Prime Video,False,Siedmiu Rycerzy Królestwa Marronnier;Os Sete Cavaleiros do Reino Marronnier,https://anilist.co/anime/212799,1791540063,1791624300,2,2026-10-09T10:59:21.430787+00:00,anilist
205896,63292.0,Shinja Zero no Megami-sama to Hajimeru Isekai Kouryaku,Full Clearing Another World under a Goddess with Zero Believers,信者ゼロの女神サマと始める異世界攻略,Shinja Zero no Megami-sama to Hajimeru Isekai Kouryaku,TV,,,NOT_YET_RELEASED,LIGHT_NOVEL,FALL 2026,2026,HORNETS;Hakuhodo DY Music & Pictures,HORNETS,Adventure;Fantasy,Gods;Isekai;Male Protagonist;Magic;Seinen,,,,0,0,5411,0,5411,54,1223,10,61,21,4096,2026-10-11,,,,"RPG player Makoto Takatsuki is hurled into another world with awful skills and stats. But he soon meets a goddess named Noah, who asks him to become her 1st believer in return for blessings.<br> <br> (Source: J-Novel Club)",JP,True,#信者ゼロ,https://s4.anilist.co/file/anilistcdn/media/anime/cover/medium/bx205896-ElrV8oVAsuax.jpg,#5dbbe4,,youtube,qlMB8vSpLzc,Makoto Takatsuki;Noah Titan;Lucy;Ryousuke Sakurai;Sofia,Isle Osaki (Original Story);Tam-U (Original Character Design);Toshinori Fukushima (Director );Touko Machida (Series Composition);Noriko Itou  (Character Design),Official Site;Twitter;Crunchyroll,False,Clear the World Like a Game with the Zero Believer Goddess,https://anilist.co/anime/205896,1791537337,1791729000,1,2026-10-09T10:59:21.430809+00:00,anilist
200294,62696.0,Choujun! Choujou Senpai,Super Psychic Policeman Chojo,超巡！超条先輩,Choujun! Choujou Senpai,TV,,,RELEASING,,FALL 2026,2026,Arvo Animation;Good Smile Company;Dentsu;Kansai TV;Victor Entertainment;GAGA;Mixi;Arvo Animation,Arvo Animation,Comedy;Slice of Life,Police;Super Power;Primarily Adult Cast;Surreal Comedy;Shounen;Urban;Meta;Parody,,64.0,69.0,0,0,5382,0,5382,41,2927,14,59,132,2250,2026-10-06,,,,"The ultimate police duo is here to keep the peace! Rookie officer Nao just joined the force. She’s got a black belt in judo and earned the nickname “Gorilla” for her insane strength. Then there’s her partner Chojo, who wields every psychic power imaginable. But for a guy who can read minds, he still can’t seem to read the room. Now, these two are taking on crime together in Chinjuku. <br><br> (Source: Crunchyroll)",JP,True,#超条先輩,https://s4.anilist.co/file/anilistcdn/media/anime/cover/medium/bx200294-E6KIgkFaJOfG.jpg,,https://s4.anilist.co/file/anilistcdn/media/anime/banner/200294-PPEwId1xfGNO.jpg,youtube,rYpXoCdTNQI,Meguru Choujou;Nao Ippongi;Robo-kun;Yuki Inukai;Hajime Keinain,Shun Numa (Original Creator);Junichi Yamamoto (Director);Hayashi Mori (Series Composition);Masakatsu Sasaki (Character Design);Kenichi Tajiri (Art Director),Official Site;Twitter;Crunchyroll,False,,https://anilist.co/anime/200294,1791540029,1791900000,2,2026-10-09T10:59:21.430833+00:00,anilist
212539,64266.0,"Takopii no Genzai: Arigatou, Mata Ashita",,タコピーの原罪 -ありがとう、また明日-,"Takopii no Genzai: Arigatou, Mata Ashita",MOVIE,1.0,,NOT_YET_RELEASED,MANGA,FALL 2026,2026,ENISHIYA;TBS,ENISHIYA,Drama;Psychological;Sci-Fi,Denpa;Bullying;Philosophy;School;Aliens;Shapeshifting;Primarily Child Cast;Female Protagonist;Rural;Ensemble Cast,,,,0,0,5380,0,5380,45,147,87,46,31,5069,2026-11-27,2026-11-27,,,"Theatrical compilation of all six episodes of the anime series <i>Takopii no Genzai</i>, including newly added scenes.",JP,True,#タコピー #タコピーの原罪,https://s4.anilist.co/file/anilistcdn/media/anime/cover/medium/bx212539-mZ3VbIErKBOr.png,#e450a1,,youtube,F0pqUWNrTXI,Shizuka Kuze;Takopi;Marina Kirarazaka;Naoki Azuma;Chappy,Taizan 5 (Original Creator);Shinya Iino (Director);Shinya Iino (Series Composition);Keita Nagahara (Character Design);Yoshiaki Fujisawa (Music),TikTok;Twitter;Official Site,False,"Takopi’s Orignal Sin: Thank You, See You Tomorrow;Takopi’s Original Sin Movie",https://anilist.co/anime/212539,1791536784,0,0,2026-10-09T10:59:21.430855+00:00,anilist
203275,63045.0,Demons' Crest,Devils' Crest,デモンズ・クレスト,Demons' Crest,TV,,,NOT_YET_RELEASED,LIGHT_NOVEL,FALL 2026,2026,Warner Bros. Japan;Production I.G,Production I.G,Action;Adventure;Fantasy,Video Games;Male Protagonist;Death Game;Female Protagonist;Urban Fantasy,,,,0,0,5127,0,5127,34,885,7,49,15,4171,2026-11-06,,,,"Sixth-grader Yuuma Ashihara and his twin sister, Sawa, are playing Actual Magic, a brand-new virtual reality MMORPG, when it suddenly begins fusing with the real world. Amid all the chaos and confusion, it becomes clear that death is lurking around every corner, including when Yuuma runs into his classmate Sumika. Before, she was one of the cutest girls in his class, but she’s since undergone a terrible metamorphosis—into one of the game’s horrifying monsters! From the author of Sword Art Online and Accel World comes a story beyond VR and AR, where gaming and reality are one and the same…and staying alive is just the beginning! <br><br> (Source: Yen Press)",JP,True,#デモクレ,https://s4.anilist.co/file/anilistcdn/media/anime/cover/medium/b203275-YyNHygkzIjMC.jpg,#0da1e4,https://s4.anilist.co/file/anilistcdn/media/anime/banner/203275-g8zkD7HCkJCn.jpg,youtube,z_aHrTag3Ig,Yuuma Ashihara;Sawa Ashihara;Minagi Sano;Kenji Kondo;Aria Misono,Reki Kawahara (Original Story);Yukiko Horiguchi (Original Character Design);Yukiko Horiguchi (Original Illustration);Shinji Ushiro (Chief Director);Kenichirou Komaya (Director),Official Site;Twitter;Amazon Prime Video,False,デモクレ;DemoKure,https://anilist.co/anime/203275,1791537547,1793930400,1,2026-10-09T10:59:21.430877+00:00,anilist
209463,63753.0,Kanata Kara,From Far Away,彼方から,Kanata Kara,TV,,,RELEASING,MANGA,FALL 2026,2026,Studio DEEN;Rakuten;NBCUniversal Entertainment Japan;Hakusensha;TOKYO MX;ABC Animation;Studio DEEN;Movic;WOWOW;KLOCKWORX,Studio DEEN,Adventure;Fantasy;Romance,Isekai;Heterosexual;Shoujo;Female Protagonist;Language Barrier,,63.0,68.0,0,0,4804,0,4804,26,2296,10,54,117,2327,2026-10-05,,,,"On her way home from school one day, Noriko is unexpectedly plunged into a strange and extraordinary fantasy world. Her troubles compound exponentially when she is rescued and befriended by a handsome young man by the name of Izark. He may be brave and courageous, but inside Izark lurks the darkest evil imaginable. And according to an ancient prophecy, Noriko possesses the power to unleash that evil. Now, inexorably bound together, these two unlikely allies must navigate a world both wondrous and hostile. <br><br> (Source: VIZ Media)",JP,True,#彼方から,https://s4.anilist.co/file/anilistcdn/media/anime/cover/medium/bx209463-Yxk2q10RXgg8.jpg,#5d6be4,,youtube,dLRKywRu3iM,Izark Kia Tarj;Noriko Tachiki;Gaya Il Biska;Keimos Lee Goda;Rachef,Kyouko Hikawa (Original Creator);Noriyuki Abe (Director);Takeshi Hama (Music);Masaki Mayuzumi (Art Director);Satoshi Yano (Sound Director),Official Site;Twitter;Crunchyroll;iQ,False,From Far Away,https://anilist.co/anime/209463,1791540095,1791730800,2,2026-10-09T10:59:21.430903+00:00,anilist
202079,62907.0,Oji-san wa Kawaii Mono ga Osuki.,Uncle's Obsession with Cute Things,おじさんはカワイイものがお好き。,Oji-san wa Kawaii Mono ga Osuki.,TV,12.0,24.0,RELEASING,MANGA,FALL 2026,2026,LIDENFILMS;Yomiuri TV Enterprise;Flex Comics;AMUSE CREATIVE STUDIO;BookLive;A-Sketch;Ultra Super Pictures,LIDENFILMS,Comedy;Slice of Life,Male Protagonist;Iyashikei;Shoujo;Work;Office;Cute Boys Doing Cute Things;Primarily Adult Cast;Urban;Animals;Family Life,,59.0,64.0,0,0,4485,0,4485,35,2240,8,32,155,2050,2026-10-04,,,,"By day, Mitsutaka Oji is the handsome, dependable boss everyone admires. By night, he dotes on his favorite mascot, Pugtaro, and indulges his secret obsession with all things cute! He's kept his double life hidden for years—but one unexpected encounter turns everything upside down and forces Oji to face his feelings head-on! <br><br> (Source: Crunchyroll)",JP,True,#おじさんはカワイイものがお好き #おじかわ,https://s4.anilist.co/file/anilistcdn/media/anime/cover/medium/bx202079-nwBpDUms0Bab.png,#f1ae35,https://s4.anilist.co/file/anilistcdn/media/anime/banner/202079-oeULOdC1R1AR.jpg,youtube,YKgjylmYeoA,Mitsutaka Oji;Kenta Kawai;Wataru Naruto;Masumi Nii;Pugtarou,Tsutomu (Original Creator);Tomoe Makino (Director );Yuu Satou (Series Composition);Tomomi Kimura (Character Design);Takamasa Nakakuki (Art Director),Official Site;Twitter;Crunchyroll;YouTube,False,Pops Loves Kawaii Stuff;Ojikawa;おじかわ,https://anilist.co/anime/202079,1791540054,1791723600,2,2026-10-09T10:59:21.430928+00:00,anilist
212667,64298.0,Hitozukiai ga Nigate na Miboujin no Yukionna-san to Noroi no Yubiwa,The Lonely Snow Widow and the Cursed Ring,人付き合いが苦手な未亡人の雪女さんと呪いの指輪,Hitozukiai ga Nigate na Miboujin no Yukionna-san to Noroi no Yubiwa,ONA,,7.0,RELEASING,OTHER,FALL 2026,2026,Suiseisha;Studio Houkiboshi,Studio Houkiboshi,Hentai;Supernatural,Heterosexual;Interspecies;Youkai;Female Protagonist;Male Protagonist,,61.0,69.0,0,0,4231,0,4231,97,1174,24,55,65,2913,2026-10-05,,,,"Widowed Snow Woman Meets Young Man...<br> It's the modern world, where humans, yokai, and various other races coexist...<br> One day, Satoru—who works as the apartment manager—ends up angering his secret crush, Mifuyu, a snow woman who lives in the same building. <br> Eager to make amends, he uses a mysterious ring that is said to help in communicating with yokai. However, he finds himself hotly pursued by Mifuyu, who has suddenly become extremely forward.<br> A socially aloof widowed snow woman and a young adult male who wants to support her. What awaits them at the end of their repeated physical encounters, fueled by the ring’s power…?<br><br>  (Source: Official Website) <br><br> <i>Note: Episode 1 receives an advance distribution on AnimeFesta on September 11th, 2026. The start date reflects the start of the regular series broadcasting.</i>",JP,True,#アニメ未亡人の雪女,https://s4.anilist.co/file/anilistcdn/media/anime/cover/medium/bx212667-8g5ktyrx34Yl.jpg,#ff00a1,,youtube,NVbg3gNMz8I,Mifuyu Yukino;Satoru Takahashi;Kaede Kiryuuin,Puuna Puuzaki (Original Creator);Kazuomi Koga (Director);Eeyo Kurosaki (Series Composition);Minakyawaakapiv (Character Design);Do Kim Hoan Tran (Art Director),Twitter;Official Site;OceanVeil;Official Site;OceanVeil,True,The Shy Snow Woman and the Cursed Ring,https://anilist.co/anime/212667,1791540121,1791734700,2,2026-10-09T10:59:21.430948+00:00,anilist
157330,57961.0,Rakuen Tsuihou: Kokoro no Resonance,,楽園追放 心のレゾナンス,Rakuen Tsuihou: Kokoro no Resonance,MOVIE,1.0,,NOT_YET_RELEASED,ORIGINAL,FALL 2026,2026,Toei Animation;Nitroplus;Aniplex,Toei Animation,Action;Mecha;Sci-Fi,Full CGI;Robots,,,,0,0,4144,0,4144,34,182,22,28,17,3895,2026-11-13,2026-11-13,,,A sequel movie to the 2014 movie <i>Rakuen Tsuihou: Expelled From Paradise.</i>,JP,True,#楽園追放,https://s4.anilist.co/file/anilistcdn/media/anime/cover/medium/bx157330-Ow09pWu8lqCT.jpg,#00f1ae,https://s4.anilist.co/file/anilistcdn/media/anime/banner/157330-aj6Wx9iSvuaV.jpg,youtube,vA-PSVAPgyo,Gabriel;Arma;Daniel;Raguel;Penem,Seiji Mizushima (Director);Masatsugu Saitou (Character Design);Kanetake Ebikawa (Mechanical Design);Takayuki Yanase (Mechanical Design);Junya Ishigaki (Mechanical Design),Official Site;Twitter;Facebook;Official Site,False,Rakuen Tsuihou: Liberated from Paradise;Rakuen Tsuihou: Expelled From Paradise - Kokoro no Resonance;Expelled from Paradise: Resonance,https://anilist.co/anime/157330,1791541788,1794495600,1,2026-10-09T10:59:21.430970+00:00,anilist
203473,63053.0,Kyoufu Collector,HORROR COLLECTOR,恐怖コレクター,Kyoufu Collector,TV,12.0,,NOT_YET_RELEASED,OTHER,FALL 2026,2026,NHK;Studio Palette;NHK Enterprises,Studio Palette,Horror;Mystery;Supernatural,Youkai;Urban Fantasy,,,,0,0,4078,0,4078,30,732,7,36,15,3288,2026-10-10,,,,"Urban legends come to life…Everyone’s heard an urban legend before, but few have ever come face-to-face with one. These phenomena are everywhere, existing in the shadows of reality. More and more of them have been appearing in the wake of the faceless kid sighted all over Japan. If you see her or one of the urban legends she brings―pray the boy in the red hood finds you before it’s too late. You won’t stand a chance on your own. But with his help, you may just live to see another day… <br><br> (Source: Yen Press)",JP,True,,https://s4.anilist.co/file/anilistcdn/media/anime/cover/medium/b203473-pzyaqV432Qko.jpg,,https://s4.anilist.co/file/anilistcdn/media/anime/banner/203473-KCGlCZL2ApjB.jpg,,,Fushigi Senno;Jimmy;Himitsu Senno;Aoi Kasa no Otoko;Sachiko Konno,Yuki Inaba (Director );Yuki Inaba (Series Composition);Kaori Yoshikawa (Character Design);Tetsuya Gunji (Sound Director);Masato Kouda (Music),Official Site;Twitter;Crunchyroll,False,Horror Collector,https://anilist.co/anime/203473,1791537535,1791643500,1,2026-10-09T10:59:21.430990+00:00,anilist
209562,63764.0,Vertex Force,VERTEX FORCE,バーテックスフォース,Vertex Force,TV,,24.0,RELEASING,ORIGINAL,FALL 2026,2026,Aniplex;Shogakukan Music & Digital Entertainment;U-NEXT;SANKYO;TOKYO MX;BS11;Movic;ABC Animation;Nagoya TV Housou;Shogakukan Music & Digital Entertainment,Shogakukan Music & Digital Entertainment,Action;Mecha,Coastal;Aliens;Robots;Super Robot;Female Protagonist;Full CGI;Male Protagonist;Urban Fantasy;Primarily Female Cast;Tokusatsu,,55.0,59.0,0,0,3811,0,3811,34,1904,15,32,171,1689,2026-10-03,,,,"Akira lives a peaceful life with his older sister Haruka and his mother, who runs a cafe. The family however harbors a secret — Haruka has inherited a power from her father called ""Engine,"" and she hides that power from others. Akira on the other hand has not inherited his father's power, and he has an inferiority complex about it. Amidst this, strange events start happening around the world. <br><br> (Source: Anime News Network)",JP,True,#バーテックスフォース,https://s4.anilist.co/file/anilistcdn/media/anime/cover/medium/bx209562-kQQbTKDuql9p.jpg,#e4d650,https://s4.anilist.co/file/anilistcdn/media/anime/banner/209562-dvyIvOOVgDNp.jpg,youtube,JqjXaJysS5w,Akira Toudou;Haruka Toudou;Eleanor Northbrook;Youko Nishina;Lala Zudenstein,Kazuhiro Takamura (Director);Gorou Kuji (Assistant Director);Kazuhiro Takamura (Series Composition);Masashi Suzuki (Series Composition);Kazuhiro Takamura (Character Design),Twitter;Official Site;Crunchyroll,False,,https://anilist.co/anime/209562,1791540121,1791642600,2,2026-10-09T10:59:21.431013+00:00,anilist
197543,62270.0,BanG Dream! Ave Mujica: prima aurora,,BanG Dream! Ave Mujica prima aurora,BanG Dream! Ave Mujica: prima aurora,MOVIE,1.0,,NOT_YET_RELEASED,OTHER,FALL 2026,2026,NICHICALINE;Bushiroad;TOKYO MX;Good Smile Company;Horipro International;Ultra Super Pictures,NICHICALINE,Drama;Music,Band;Female Protagonist;Primarily Female Cast;Rock Music;Primarily Teen Cast;Metal Music;Yuri,,,,0,0,3437,0,3437,22,134,10,22,20,3251,2026-10-16,2026-10-16,,,,JP,True,#AveMujica ,https://s4.anilist.co/file/anilistcdn/media/anime/cover/medium/bx197543-UhIhht4Gku8z.png,#4393e4,,youtube,Uqt2rXUA-r8,Sakiko Togawa;Uika Misumi;Mutsumi Wakaba;Umiri Yahata;Nyamu Yuutenji,Midori Gotou (Script);Hideyasu Narita (Art Design);Akiko Waba (Script);Saho Yamane (Art Director);Koudai Kakimoto (Director),Official Site;YouTube;Twitter;Twitter,False,Ave Mujica - prima aurora -;BanG Dream! Ave Mujica Movie;Ave Mujica - The Die is Cast - Movie,https://anilist.co/anime/197543,1791540121,1792076400,1,2026-10-09T10:59:21.431058+00:00,anilist
199594,62615.0,Tetsuryou! meet with Tetsudou Musume,TETSURYO! Meet With Tetsudou Musume,てつりょー！meet with 鉄道むすめ,Tetsuryou! meet with Tetsudou Musume,TV,12.0,,RELEASING,ORIGINAL,FALL 2026,2026,Pony Canyon;East Fish Studio;TOMYTEC,East Fish Studio,Slice of Life,Trains;Cute Girls Doing Cute Things;Iyashikei;Female Protagonist;School Club;Travel;Primarily Female Cast;Primarily Adult Cast;College,,57.0,66.0,0,0,3083,0,3083,14,1257,6,20,68,1732,2026-10-09,,,,"Misaki has often felt the urge to break free from everyday life and set out on a journey somewhere far away. Even though she doesn’t yet know what she wants to become, she longs to find something she can truly be passionate about.<br><br> At the start of a new chapter on a lively campus, she meets the members of the Railway Travel Research Club—known as the “Tetsuryo Club.” As her world unfolds along the railway lines, Misaki’s heart begins to race with excitement!<br><br> As TETSUDOU MUSUME celebrates its 20th anniversary, the Tetsuryo Club sets off on a journey through the world where the Railway Girls work, in search of moments of wonder. <br><br> (Source: Pony Canyon Anime)",JP,True,#てつりょー,https://s4.anilist.co/file/anilistcdn/media/anime/cover/medium/bx199594-moYKzlfIH03U.jpg,#1a78d6,https://s4.anilist.co/file/anilistcdn/media/anime/banner/199594-iw8KRAiBp3sO.jpg,youtube,GixEiC7k9_4,Ushio Yagami;Usa Harutachi;Kodama Orihara;Misaki Sata;Yayoi Nagano,Kisetsu Morita (Original Work Assistance);Misuzu Hoshino (Director);Aya Satsuki (Series Composition);Naofumi Hashimoto (Character Design);Aya Satsuki (Script),Twitter;Official Site;HIDIVE;YouTube,False,TETSURYO! meet with Tetsudou Musume,https://anilist.co/anime/199594,1791540043,1792076400,2,2026-10-09T10:59:21.431081+00:00,anilist
199426,62590.0,Hotel Inhumans 2nd Season,HOTEL INHUMANS Season 2,ホテル・インヒューマンズ 第2期,Hotel Inhumans 2nd Season,TV,13.0,23.0,RELEASING,MANGA,FALL 2026,2026,Bridge;TV Tokyo;DMM.com;Shogakukan;Good Smile Company;Dentsu;Bridge,Bridge,Action;Drama,,,58.0,67.0,0,0,3054,0,3054,34,1200,13,39,48,1754,2026-10-04,,,,The second season of <i>Hotel Inhumans</i>.,JP,True,#ホテル・インヒューマンズ #HOTELINHUMANS,https://s4.anilist.co/file/anilistcdn/media/anime/cover/medium/bx199426-0nBgTV9BrcJn.jpg,#e45d78,,,,Ikurou Hoshi;Sara Haizaki;Shiba Kirihara;Subaru Yoda,Ao Tajima (Original Creator);Tetsurou Amino (Director );Shouji Yonemura (Series Composition);Shingo Fujisaki (Character Design);Hidefumi Kimura (Prop Design),Twitter;Official Site;Crunchyroll;YouTube,False,,https://anilist.co/anime/199426,1791540121,1791729900,2,2026-10-09T10:59:21.431099+00:00,anilist
213658,64505.0,Diamond no Ace act II: Second Season Part 2,Ace of the Diamond act II -Second Season-,ダイヤのA actⅡ -Second Season- 第2クール,Diamond no Ace act II: Second Season Part 2,TV,,,NOT_YET_RELEASED,MANGA,FALL 2026,2026,OLM,OLM,Sports,Baseball;Male Protagonist;Primarily Male Cast;School Club;Shounen;Primarily Teen Cast,,,,0,0,2978,0,2978,34,561,36,25,30,2326,2026-10-11,,,,The Seido baseball club has been invited to the spring invitational at the hallowed Koshien Stadium. Sawamura will finally stand on the mound! Standing between Seido and the national title are the winners of last year's summer tournament Komadai Fujimaki and their unstoppable ace Masamune Hongo. Can Seido triumph over Komadai? It's the start of another heated battle in youth baseball! <br><br> (Source: Crunchyroll),JP,True,#ダイヤのA,https://s4.anilist.co/file/anilistcdn/media/anime/cover/medium/bx213658-D3BPJaqawLxS.png,#1a93d6,,youtube,kLbI4teuPTc,Eijun Sawamura;Kazuya Miyuki;Mei Narumiya;Satoru Furuya;Haruichi Kominato,Yuuji Terajima (Original Creator);Hideaki Ooba (Director);Kenji Konuta (Series Composition);Yasukazu Shouji (Character Design);GLAY (Theme Song Performance (OP)),Official Site;Twitter;Crunchyroll,False,,https://anilist.co/anime/213658,1791540052,1791707400,1,2026-10-09T10:59:21.431121+00:00,anilist
215835,64867.0,Umayuru: Full Gate!,,うまゆるふるげ〜と!,Umayuru: Full Gate!,ONA,26.0,3.0,RELEASING,VIDEO_GAME,FALL 2026,2026,AtoriE,AtoriE,Comedy;Slice of Life,Chibi;Primarily Female Cast;Kemonomimi;Female Protagonist;Cute Girls Doing Cute Things;Athletics;Idol;Food,,65.0,75.0,0,0,2553,0,2553,17,1187,17,15,26,1308,2026-09-27,,,,"""Umayuru"" is a short anime series featuring pint-sized Uma Musume! This time, it’s a ""Full-Gate"" three-minute race where *all* the Uma Musume take to the track! A super-sized, laid-back gathering with everyone!",JP,True,,https://s4.anilist.co/file/anilistcdn/media/anime/cover/medium/bx215835-B0seSw93V5qM.png,#43aef1,,youtube,rUHYbwZDVVI,Special Week;El Condor Pasa;Seiun Sky;Grass Wonder;King Halo,Cygames (Original Creator);Seiya Miyajima (Director);Gigaemon Ichikawa (Series Composition);Seiya Miyajima (Character Design);Yoyoyo (Character Design),YouTube,False,,https://anilist.co/anime/215835,1791536560,1791725400,3,2026-10-09T10:59:21.431141+00:00,anilist
206163,63323.0,Soukou Kihei Votoms: Haiiro no Hexe,,装甲騎兵ボトムズ 灰色の魔女,Soukou Kihei Votoms: Haiiro no Hexe,MOVIE,,,NOT_YET_RELEASED,ORIGINAL,FALL 2026,2026,Production I.G;Bandai Namco Filmworks;Sunrise,Production I.G;Sunrise,Mecha;Sci-Fi,Real Robot,,,,0,0,2200,0,2200,11,121,3,13,15,2048,2026-11-20,2026-11-20,,,"In January 2026, Bandai Namco Filmworks announced an new anime project titled Armored Trooper VOTOMS: Die Graue Hexe. It is set to premiere in 2026 will be produced by Sunrise with production assistance by Production I.G, and will be part of a series of projects commemorating studio Sunrise's 50th anniversary to be released between 2026 and 2028.<br><br> <i>Note: Relations are provisional and subject to change.</i>",JP,True,#ボトムズGH #votoms,https://s4.anilist.co/file/anilistcdn/media/anime/cover/medium/bx206163-c5DwZdBNCXEO.jpg,#865028,,youtube,vh6wwh6SxN8,Ash Vamps;Maki Stauffenberg,Ryousuke Takahashi (Original Creator);Hajime Yatate (Original Creator);Kazuchika Kise (Original Character Design);Mamoru Oshii (Director);Takashi Kojima (Character Design),Official Site;Twitter,False,Armored Trooper Votoms: Die Graue Hexe;Armored Trooper Votoms: The Grey Witch;Soukou Kihei Votoms: Haiiro no Majo,https://anilist.co/anime/206163,1791540121,0,0,2026-10-09T10:59:21.431161+00:00,anilist
213068,64344.0,Juuоu Mujin Dandivine,Dandivine,獣王武神ダンデヴァイン,Juuоu Mujin Dandivine,TV,,,RELEASING,OTHER,FALL 2026,2026,LIDENFILMS;Good Smile Company;Kayac Animation;Aniplex,LIDENFILMS;Kayac Animation,Action;Mecha,Super Robot;Heterosexual;Kaiju;Male Protagonist;Primarily Teen Cast;Guns;Meta,,51.0,56.0,0,0,2178,0,2178,17,1055,10,24,97,992,2026-10-08,,,,"The story takes place 20 years after the robot Dandivine defeated the mysterious Aposdoll. The world is now in peace. However, toy manufacturer Kasuga, who relied on its toys of merchandise of Dandivine, has fallen into decline. Thus, Kasuga's president Genjuro Shijima prayed for Dandivine's revival, and the Aposdoll suddenly returned. High school student Gekiha Shijima gets an invitation from his uncle Yusaku Kuroiwa, the former main pilot of Dandivine, to pilot the giant robot himself. <br><br> (Source: Anime News Network)",JP,True,#DANDIVINE #合体神,https://s4.anilist.co/file/anilistcdn/media/anime/cover/medium/bx213068-aFSedkY5bQ4m.png,#5daef1,https://s4.anilist.co/file/anilistcdn/media/anime/banner/213068-EQba2gbIKAy5.jpg,youtube,ihJfkOT_0wU,Gekiha Shijima;Akane Kuzumi;Kirei Shijima;Haru;Natsu,Good Smile Company (Original Creator);Majiro (Original Character Design);Yi Cao (Director );Toshiki Inoue (Series Composition);robin (Character Design),Official Site;Twitter;Crunchyroll,False,Gattaishin: Dandivine;Gattaishin Series;DANDIVINE;Beast King War God Dandivine,https://anilist.co/anime/213068,1791540053,1791991800,2,2026-10-09T10:59:21.431184+00:00,anilist
212144,64180.0,Kizu darake Seijo yori Houfuku wo Komete Season2,"With Vengeance, Sincerely, Your Broken Saintess Season 2",傷だらけ聖女より報復をこめて Season2,Kizu darake Seijo yori Houfuku wo Komete Season2,TV_SHORT,,13.0,RELEASING,MANGA,FALL 2026,2026,Imageworks Studio;Imagica Infos;AnimationID,Imageworks Studio;Imagica Infos,Fantasy;Romance,Flash,,54.0,66.0,0,0,1831,0,1831,16,626,4,27,38,1136,2026-10-02,,,,The second season of <i>Kizu darake Seijo yori Houfuku wo Komete</i>.,JP,True,#傷だらけ聖女より報復をこめて,https://s4.anilist.co/file/anilistcdn/media/anime/cover/medium/b212144-9qJMcEdy4Xbo.jpg,#aeaee4,,youtube,vnOrtJ4vRmw,Lua;Sven;Arianne;Garrett;Shiji Rubin,Aminohada (Original Creator);Saya  Fukase (Director );Yuuichi Imaizumi (Sound Director);Hiroki Nozaki (Sound Effects);Airi Kobayashi (Sound Effects),Twitter;Official Site;YouTube,False,,https://anilist.co/anime/212144,1791540053,1792076400,3,2026-10-09T10:59:21.431204+00:00,anilist
179876,59415.0,DARK MACHINE: The Animation,DARK MACHINE THE ANIMATION,DARK MACHINE -The Animation-,DARK MACHINE: The Animation,TV,11.0,,NOT_YET_RELEASED,OTHER,FALL 2026,2026,Production +h;Fuji TV;flying DOG,Production +h,Mecha;Sci-Fi,CGI;Super Robot,,,,0,0,1743,0,1743,13,345,3,21,16,1358,2026-10-14,,,,"Following his grandfather’s will to “seek out the Senki,” the protagonist Kairi visits Golden Valley, a special Dark Machine economic zone. There, he meets a mysterious girl named Rudra. Dragged into becoming a Dark Machine player by Rudra, Kairi’s talent gradually blossoms over the course of many intense battles. <br><br> (Source: Fuji Creative) <br><br> <i>Note: Part of the ""DARK MACHINE"" Web3 cross-media project where the story of the Game and its anime adaptation intertwine.</i>",JP,True,#DARKMACHINE_anime,https://s4.anilist.co/file/anilistcdn/media/anime/cover/medium/bx179876-Wg62CAzp5WQ1.jpg,#286ba1,,youtube,Tvvs_SlUYgA,Kairi;Rudora;Isana;Ajima;Bran,Kazumi Terada (Director);Tatsuhiko Urahata (Series Composition);Takaaki Suzuki (Series Composition);Atsuo Ishino (Series Composition);Kento Sata (Series Composition),YouTube;Official Site;Twitter;Crunchyroll,False,,https://anilist.co/anime/179876,1791539540,1791909900,1,2026-10-09T10:59:21.431224+00:00,anilist
216895,65009.0,Aoki Denshou: Welsh & Shedar,Welsh & Shedar,蒼き伝承 ウェルシュ&シェーダー,Aoki Denshou: Welsh & Shedar,TV,12.0,23.0,RELEASING,ORIGINAL,FALL 2026,2026,Studio Massket;Ankama,Studio Massket,Adventure;Fantasy,Prophecy;Food;Magic;Male Protagonist;Dragons;Medieval,,,57.0,0,0,1676,0,1676,24,703,4,33,31,905,2026-10-02,,,,"The story of Aoki Denshou Welsh & Shedar follows Welsh, a teenage boy from the country who loves to cook, and Shedar, a young prince who is destined to become king one day. When the two young men with very different lives are thrown together by a chance encounter, the wheels of fate begin to turn, and soon they must work together to bring about a peaceful future by stopping a cruel despot from conquering the world.<br><br> (Source: Crunchyroll)",JP,True, #蒼き伝承 #WelshAndShedar,https://s4.anilist.co/file/anilistcdn/media/anime/cover/medium/bx216895-Ofx4FSKFa4CQ.jpg,#5d93f1,,youtube,4QafpDIgjS4,Welsh;Shedar;Bechamel;Joris;Zabel,Tot (Original Creator);Naoki Horiuchi (Director);Tot (Series Composition);Saori Nakashiki (Character Design);Lucas Cisterne (Art Design),Official Site;Twitter;YouTube,False,,https://anilist.co/anime/216895,1791540028,1791548760,2,2026-10-09T10:59:21.431245+00:00,anilist
216557,63157.0,Keroro Gunsou☆,KERORO☆,ケロロ軍曹☆,Keroro Gunsou☆,TV,,24.0,RELEASING,MANGA,FALL 2026,2026,Bandai Namco Pictures;Bandai Namco Pictures;Bandai Namco Filmworks;TV Tokyo;ADK Emotions;BANDAI SPIRITS;MediaNet;Bandai Namco Entertainment;Bandai Namco Music Live;Toy's Factory,Bandai Namco Pictures,Comedy;Sci-Fi,Shounen;Aliens;Ensemble Cast;Space;Meta;Parody;Episodic;Otaku Culture;Ninja;Military,,55.0,63.0,0,0,1554,0,1554,15,809,7,15,82,641,2026-10-03,,,,"Sergeant Keroro comes to conquer Earth, only to get captured and stuck living with the Hinata family!<br> <br> (Source: Crunchyroll)",JP,True,#ケロロ軍曹,https://s4.anilist.co/file/anilistcdn/media/anime/cover/medium/bx216557-b72dAqbVEDO7.jpg,#f1e450,https://s4.anilist.co/file/anilistcdn/media/anime/banner/216557-qig0mKuvYRIb.jpg,youtube,iMyre5xXDzE,Keroro;Tamama;Giroro;Kururu;Dororo,Mine Yoshizaki (Original Creator);Nobuhiro Kondou (Chief Director);Akihiko Sano (Director);Toshimitsu Takeuchi (Series Composition);Hatsue Nakayama (Character Design),Official Site;Twitter;YouTube;Crunchyroll,False,Sgt. Frog☆,https://anilist.co/anime/216557,1791536508,1791592200,2,2026-10-09T10:59:21.431269+00:00,anilist
187990,63818.0,Battle Spirits [Re] Zekkai No Ku,Battle Spirits [Re] Zekkai No Ku,Battle Spirits [Re] 絶界の空,Battle Spirits [Re] Zekkai No Ku,TV,,24.0,RELEASING,OTHER,FALL 2026,2026,Bandai Namco Pictures;Bandai Namco Pictures;Bandai,Bandai Namco Pictures,Action;Fantasy,Card Battle;Male Protagonist,,50.0,58.0,0,0,1493,0,1493,14,644,7,27,100,715,2026-10-06,,,,"Keio 3, Hinomoto, Eito. As the Bakumatsu throws Japan into turmoil, young Kuu Bashin dreams of becoming stronger through Standard Battle Spirits. His world changes when he encounters Ajara Zetsu, a wandering samurai and formidable Eternal Battler pursued by anti-shogunate forces. As the worlds of Standard and Eternal Battle collide, Kuu is pulled into Zetsu’s journey—and sets history in motion.<br><br> (Source: Crunchyroll)",JP,True,#バトルスピリッツ #バトスピ #絶界の空,https://s4.anilist.co/file/anilistcdn/media/anime/cover/medium/bx187990-tNyQPmr9TkYi.png,#f17835,https://s4.anilist.co/file/anilistcdn/media/anime/banner/187990-iDUZ4BGtmEct.jpg,youtube,cXd4pKTx2pI,Ku Bashin;Zetsu Ajara;Ibuki Mizuha;Yui Kusumoto;Shie Anpachi,Masashi Kudou (Original Character Design);Masashi Kudou (Director);Toshizou Nemoto (Series Composition);Takayo Nishimura (Character Design);Atsumi Koganemaru (Character Design),Twitter;Twitter;Official Site;Crunchyroll;YouTube,False,,https://anilist.co/anime/187990,1791540092,1791900000,2,2026-10-09T10:59:21.431294+00:00,anilist
199068,62534.0,Shin Tennis no Ouji-sama: U-17 WORLD CUP Kesshou Member Ketteisen,The Prince of Tennis II U-17 WORLD CUP: Final Member Selection Match,新テニスの王子様 U-17 WORLD CUP 決勝メンバー決定戦,Shin Tennis no Ouji-sama: U-17 WORLD CUP Kesshou Member Ketteisen,TV,,24.0,RELEASING,MANGA,FALL 2026,2026,M.S.C;NAS;Production I.G;Bandai Namco Filmworks;Marvelous;TV Tokyo;Shueisha,M.S.C,Action;Comedy;Sports,Tennis;Shounen;Primarily Male Cast;Male Protagonist;Ensemble Cast;Foreign;Primarily Teen Cast,,,65.0,0,0,1297,0,1297,13,474,17,12,47,747,2026-10-01,,,,Old rivalries reignite as Team Japan players face off to earn spots in the lineup for the World Cup final. <br><br> (Source: Crunchyroll News),JP,True,#新テニU17W杯 #決勝メンバー決定戦,https://s4.anilist.co/file/anilistcdn/media/anime/cover/medium/bx199068-2afNaytl50Ko.png,#d61a1a,,youtube,bsNeADDQFD4,Ryoma Echizen;Kunimitsu Tezuka;Shuichiro Oishi;Shuusuke Fuji;Keigo Atobe,Takeshi Konomi (Original Creator);Yoshinobu Tokumoto (Director);Mitsutaka Hirota (Series Composition);Akiharu Ishii (Character Design);Kenichi Tajiri (Art Director),Twitter;Official Site;YouTube;Crunchyroll,False,,https://anilist.co/anime/199068,1791537914,1791990000,3,2026-10-09T10:59:21.431315+00:00,anilist
209032,63667.0,Mahou no Shimai LuluttoLilly Part 2,,魔法の姉妹ルルットリリィ 第2クール,Mahou no Shimai LuluttoLilly Part 2,TV,,23.0,RELEASING,ORIGINAL,FALL 2026,2026,Studio Pierrot;Studio Pierrot;Bandai Namco Filmworks;BANDAI SPIRITS;Bandai Namco Music Live;Bandai,Studio Pierrot,Mahou Shoujo;Music,Magic;Primarily Child Cast;Primarily Female Cast;Urban Fantasy;Female Protagonist;Urban;Henshin;Primarily Teen Cast;Coming of Age;Kids,,,70.0,0,0,1291,0,1291,8,520,2,10,31,728,2026-10-04,,,,<i>The second half of Mahou no Shimai LuluttoLilly.</i>,JP,True,#ルルットリリィ #るるりり #MSLL,https://s4.anilist.co/file/anilistcdn/media/anime/cover/medium/bx209032-MD8TDzYtFoL0.png,#f150bb,,youtube,rwUPmzMpECo,Fuu Nonoyama;Rui Nonoyama;Uguisu;Azuki;Touko Kandachi,Shintarou Douge (Original Character Design);Shintarou Douge (Director);Mitsuyuki Masuhara (Assistant Director);Yuuko Kakihara (Series Composition);Mami Sodeyama (Character Design),Twitter;Official Site;Official Site,False,Magical Sisters LuluttoLilly Part 2;るるりり;MSLL,https://anilist.co/anime/209032,1791540121,1791725400,2,2026-10-09T10:59:21.431336+00:00,anilist
209642,63772.0,Maebashi Witches: Majo Minarai no Emoemories,,劇場版 前橋ウィッチーズ ～魔女見習いのエモエモリーズ～,Maebashi Witches: Majo Minarai no Emoemories,MOVIE,1.0,,NOT_YET_RELEASED,ORIGINAL,FALL 2026,2026,Bandai Namco Filmworks;Sunrise,Sunrise,Drama;Mahou Shoujo;Music;Supernatural,Female Protagonist;Idol;Primarily Female Cast;Witch;Primarily Teen Cast;Urban;Urban Fantasy,,,,0,0,613,0,613,6,29,2,7,21,554,2026-10-23,2026-10-23,,,Compilation film of <i>Maebashi Witches</i>.,JP,True,#前橋ウィッチーズ #MBW #まじょえも,https://s4.anilist.co/file/anilistcdn/media/anime/cover/medium/bx209642-qNj4Wz2hXTvi.jpg,#e4860d,,youtube,txDov2HH7xM,Yuina Akagi;Azu Niisato;Kyouka Kitahara;Choco Mitsumata;Mai Kamiizumi,Yuu Inami (Original Character Design);Junichi Yamamoto (Director);Nozomi Tachibana (Character Design);Naoko Akusawa (Art Director);Ami Kutsuna (Color Design),Official Site;YouTube;Twitter,False,Maebashi Witches: Emoemories - Blooming Witches;まじょえも;MajoEmo,https://anilist.co/anime/209642,1791536994,0,0,2026-10-09T10:59:21.431357+00:00,anilist
194207,62039.0,Pan Dorobou,,パンどろぼう,Pan Dorobou,TV_SHORT,,9.0,RELEASING,OTHER,FALL 2026,2026,KADOKAWA;Shin-Ei Animation;NHK,Shin-Ei Animation,Comedy,Crime;Food;Kids;Animals;Primarily Animal Cast;Anthropomorphism;Surreal Comedy,,,48.0,0,0,440,0,440,2,195,1,2,41,201,2026-10-02,,,,"Kadokawa announced on June 9th, 2025 that Keiko Shibata's Pan Dorobou (Bread Thief) picture book will have an anime adaptation. The announcement did not reveal the anime's format. The picture books center on a piece of bread that also steals bread from bakeries in the city.<br><br> (Source: Anime News Network)",JP,True,,https://s4.anilist.co/file/anilistcdn/media/anime/cover/medium/bx194207-7n4M6jOwLdcF.jpg,#e4a10d,https://s4.anilist.co/file/anilistcdn/media/anime/banner/194207-6yQitDZ3uOi5.jpg,youtube,dUSYa-7rKpM,Pan Dorobou;Nise Pan Dorobou;Nazo no France Pan;Pan-ya no Ojisan;Onigiri Boy,Keiko Shibata (Original Creator);Takahiko Kyougoku (Director );Chie Yamashiro (Assistant Director);Mariko Mochizuki (Series Composition);Mako Miyako (Character Design),Official Site;Instagram;Twitter,False,The Bread Thief;PANDOROBO,https://anilist.co/anime/194207,1791538329,1792143600,3,2026-10-09T10:59:21.431377+00:00,anilist
214536,63938.0,Cardfight!! Vanguard Divinez Unmei Seisen-hen,CARDFIGHT!! VANGUARD Divinez: Parallactic Fate,カードファイト!! ヴァンガード Divinez 運命星戦編,Cardfight!! Vanguard Divinez Unmei Seisen-hen,TV,3.0,,NOT_YET_RELEASED,ORIGINAL,FALL 2026,2026,Kinema Citrus;Bushiroad;Gift-o’-Animation;Studio JEMI,Kinema Citrus;Gift-o’-Animation;Studio JEMI,Action;Adventure;Fantasy,,,,,0,0,394,0,394,5,51,10,8,25,300,2026-11-07,2026-11-21,,,"<i>Note: The anime first premiered in theaters across Japan on October 2, 2026. It was later split into 3 episodes aired weekly on TV starting November 7, 2026.</i>",JP,True,,https://s4.anilist.co/file/anilistcdn/media/anime/cover/medium/bx214536-dl2KJdHcKWJl.jpg,#f14335,,youtube,zxgmRfemSMI,Akina Myoudou;Hikari Myoudou;Kanami Ishikawa;Kurumi Ishikawa,Akira Itou (Original Creator);Bushiroad  (Original Creator);Takaaki Kidani (Original Plan);CLAMP (Original Character Design);Taku Yamada (Director),Twitter;Official Site,False,,https://anilist.co/anime/214536,1791536641,1794061800,1,2026-10-09T10:59:21.431395+00:00,anilist
209709,63901.0,Sirotan,,しろたん,Sirotan,TV,,,RELEASING,OTHER,FALL 2026,2026,Shin-Ei Animation;TV Asahi;Lesprit,Lesprit,,,,,56.0,0,0,300,0,300,6,75,1,2,24,198,2026-10-03,,,,,JP,True,#しろたん #アニメしろたん,https://s4.anilist.co/file/anilistcdn/media/anime/cover/medium/bx209709-Wz8BKL1fm5MC.png,#5dbbe4,,youtube,4iOFqQ1E4Mo,Sirotan;Shell;Rakkoinu;Ramune,Arisa Okada (Director);Atsuko Yamamoto (Assistant Director);Sei Yoshitsuki (Series Composition);Shizuka Gotou (Art Director);Michiyo Arakawa (Art Director),YouTube;Official Site;Twitter,False,,https://anilist.co/anime/209709,1791540093,1791617340,2,2026-10-09T10:59:21.431412+00:00,anilist
208367,64848.0,Duel Masters LOST: Danzai no Shounen,,Duel Masters LOST ～断罪の少年～,Duel Masters LOST: Danzai no Shounen,ONA,4.0,,NOT_YET_RELEASED,MANGA,FALL 2026,2026,J.C.STAFF;Shogakukan Music & Digital Entertainment,J.C.STAFF;Shogakukan Music & Digital Entertainment,Adventure;Supernatural,,,,,0,0,257,0,257,2,37,2,5,17,196,2026-10-09,,,,Sequel to <i> Duel Masters LOST: Boukyaku no Taiyou</i>.,JP,True,#デュエマアニメ #デュエマLOST,https://s4.anilist.co/file/anilistcdn/media/anime/cover/medium/bx208367-qWKRaOpokGoG.jpg,#3578bb,,,,Jashin-kun;Win Kirifuda;Niika Katori,Shigenobu Matsumoto (Original Creator);You Kanebayashi (Original Character Design);Toshinori Fukushima (Director);Youichi Katou (Series Composition);Chikara Hashizume  (Character Design),Official Site;Twitter,False,,https://anilist.co/anime/208367,1791540077,1791547200,1,2026-10-09T10:59:21.431429+00:00,anilist
216171,64899.0,Majime na Kimi ni Hamaru Karada THE ANIMATION,,真面目なキミにハマるカラダ THE ANIMATION,Majime na Kimi ni Hamaru Karada THE ANIMATION,OVA,,30.0,NOT_YET_RELEASED,OTHER,FALL 2026,2026,Pink Pineapple;Studio 1st,Studio 1st,Hentai,,,,,0,0,212,0,212,11,12,3,4,7,186,2026-11-27,,,,"After entering college, Azusa Shirakawa was enjoying campus life, marking a fresh start from her high school days, when she had devoted herself entirely to judo. But a casual joke from her childhood friend, Sae, ignited a fire within her. <i>“Having a friends-with-benefits relationship isn't so bad, you know?”</i> She had brushed off those words as a joke, but—her “one-time fling” with Takuma, her serious and sincere childhood friend, awakened a desire within Azusa, and her body found itself unable to resist the pleasure. Contrary to her intentions, she found herself losing control time and time again. <i>“I never thought the day would come when I'd be getting my body in shape not for judo competitions, but for sex...”</i> She, who was supposed to be so strong-willed, finds herself “losing” to a man. He—serious yet lecherous—begins to “corrupt” her. <br><br> (Source: Pinkpineapple, translated)",JP,True,,https://s4.anilist.co/file/anilistcdn/media/anime/cover/medium/bx216171-IhhbG5GAio2C.png,#281a78,,,,,Alp (Original Creator);Hideta Oota (Director);Hideta Oota (Storyboard);Jun Matsu (Character Design);Jun Matsu (Animation Director),,True,Loosen Up,https://anilist.co/anime/216171,1791536537,1795705200,1,2026-10-09T10:59:21.431442+00:00,anilist
217782,,Kanojo no Tomodachi Mini Anime,My Girlfriend's Friend Mini Anime,彼女の友達 ミニアニメ,Kanojo no Tomodachi Mini Anime,TV_SHORT,12.0,12.0,RELEASING,MANGA,FALL 2026,2026,WWWave,,Drama;Ecchi;Romance,,,,43.0,0,0,201,0,201,1,139,3,5,13,41,2026-10-05,2026-12-21,,,A weekly mini anime shown with each episode of Kanojo no Tomodachi exclusively on the AT-X broadcast of the TV anime and online on OceanVeil.,JP,True,,https://s4.anilist.co/file/anilistcdn/media/anime/cover/medium/bx217782-DV0vODQ68ZRk.png,#ff9335,,,,Takeru Hidaka;Kaori Koga;Tomoko Yoshioka,Jyura (Original Creator);Toume Seo (Director);Chihiro Endou (Music),Twitter;Official Site,False,,https://anilist.co/anime/217782,1791540121,1791735420,2,2026-10-09T10:59:21.431458+00:00,anilist
215527,64823.0,Kajitsu The Animation,,夏日 The Animation,Kajitsu The Animation,OVA,,20.0,NOT_YET_RELEASED,OTHER,FALL 2026,2026,Show-Ten,,Hentai,,,,,0,0,174,0,174,3,16,1,4,5,148,2026-12-25,,,,"Takeru, a married salaryman on a business trip to the countryside, meets Nazuna Tokiwa—a ""gal""—through a dating app. Nazuna is a calculated ""little devil"" type who actively uses her charms to ensnare men. Shortly after meeting, the two engage in a passionate sexual encounter in a “sex den”—a secluded house tucked away in a remote corner of the countryside— <br><br> (Source: Showten, translated)",JP,True,,https://s4.anilist.co/file/anilistcdn/media/anime/cover/medium/bx215527-OggEWJJVg8pI.png,#50aee4,https://s4.anilist.co/file/anilistcdn/media/anime/banner/215527-c3AZea98ZRFH.jpg,,,,Ken-1 (Original Creator),,True,,https://anilist.co/anime/215527,1791536580,1798124400,1,2026-10-09T10:59:21.431472+00:00,anilist
205289,63221.0,Norman the Snowman: Kodomo-tachi no Hitotsuboshi,,ノーマン・ザ・スノーマン ~こどもたちのひとつ星~,Norman the Snowman: Kodomo-tachi no Hitotsuboshi,MOVIE,1.0,,NOT_YET_RELEASED,ORIGINAL,FALL 2026,2026,Taiyo Kikaku Co.;TECARAT,TECARAT,Fantasy,,,,,0,0,168,0,168,2,15,3,2,19,129,2026-12-01,2026-12-01,,,"The boy has grown into a young man, living apart from his mother. Although he returned to his hometown, he is unable to be honest with her. After reuniting with Norman, a mysterious child searching for ""snow flowers"" suddenly appears before them. Norman and the young man venture into the snow-covered forest with the child. <br><br> (Source: Official site)",JP,True,#ノーマン・ザ・スノーマン,https://s4.anilist.co/file/anilistcdn/media/anime/cover/medium/bx205289-RYXB6QzgHUMZ.png,#003586,,youtube,HZWfn56_vms,Norman;Seinen,Ayako Hiroki (Director);Ayako Hiroki (Script);Ayako Hiroki (Animation),Facebook;Official Site;Twitter,False,Norman the Snowman 3;ノーマン・ザ・スノーマン 3,https://anilist.co/anime/205289,1791537380,0,0,2026-10-09T10:59:21.431489+00:00,anilist
216926,65038.0,Otonari no Nie,,お隣の贄,Otonari no Nie,OVA,,,NOT_YET_RELEASED,OTHER,FALL 2026,2026,T-REX;An♥Tekinus;Lune Pictures,T-REX,Hentai,,,,,0,0,166,0,166,4,10,2,7,5,142,2026-11-27,,,,"Kazu reunites with his childhood friend, Shion, for the first time in a long while. He falls for her all over again as he realizes she’s become even more beautiful, but despite this long-awaited reunion, she seems somehow distant… Shion is harboring a secret Kazu knows nothing about. Though Shion also harbors secret feelings for Kazu, her father, with practiced ease, runs his hands over her sensitive spots and forces her to be “friendly” with him once again today…! <br><br> (Source: Getchu, translated)",JP,True,,https://s4.anilist.co/file/anilistcdn/media/anime/cover/medium/bx216926-Bs1OpKtHYY9a.png,#e4aea1,,,,,Shinsuke Inue (Original Creator),,True,,https://anilist.co/anime/216926,1791536483,1795705200,1,2026-10-09T10:59:21.431499+00:00,anilist
213298,64430.0,Yuruyuru Zukan,,ゆるゆる図鑑,Yuruyuru Zukan,TV_SHORT,,2.0,RELEASING,OTHER,FALL 2026,2026,TV Tokyo;Gakken;Imagica Infos;Imageworks Studio,Imagica Infos;Imageworks Studio,,Educational;Dinosaurs;Kids;Flash,,,58.0,0,0,160,0,160,2,31,1,3,13,112,2026-10-04,,,,"Gakken's hugely popular illustrated encyclopedia series, which everyone can enjoy with its laid-back four-panel comics, is finally being adapted into a TV anime! <br><br> Discover surprising aspects and fun facts about living creatures—full of secrets that will make you say, ""Wow!"" <br><br> Enjoy this new kind of anime that makes even scary things fun and easy to watch, with its cute art style. <br><br> (Source: Official Site, translated)",JP,True,#ゆるゆる図鑑,https://s4.anilist.co/file/anilistcdn/media/anime/cover/medium/bx213298-ymB1Sw0yDZ0Y.jpg,#febb50,,youtube,cH7enqqATwE,Hato,Keizou Abe (Director );Taeko Miura (Sound Director);Youko Sakurai (Sound Effects);Yuta Tamura (Music);SHY (Theme Song Performance (ED)),Official Site;Twitter,False,,https://anilist.co/anime/213298,1791536732,1791669600,2,2026-10-09T10:59:21.431518+00:00,anilist
217009,65035.0,Gals Fiction THE ANIMATION,,ギャルズフィクション THE ANIMATION,Gals Fiction THE ANIMATION,OVA,,,NOT_YET_RELEASED,VISUAL_NOVEL,FALL 2026,2026,Pink Pineapple;Seven,Seven,Hentai,Gyaru,,,,0,0,159,0,159,2,6,1,4,5,143,2026-12-18,,,,"Based on the erotic game by Jitaku Studio. <br><br> Hatsune Nijo’s tastes were thoroughly warped by the influence of a childhood friend’s mother, leaving him with an intense obsession with <i>gyaru</i> (gal) fashion and culture. Years later, Hatsune’s fixation had only deepened—to the point where he began cross-dressing to embody his ideal <i>gyaru</i> persona himself. Then, one day, he received a message from his younger sister, Tsukune Nijo: <i>""Hey, Big Bro! So, my school recently started allowing students to wear casual clothes..."" ""If you're still into that whole 'gal' thing, why not come to school with me?""</i> There was no curing this twisted obsession of his. So, he decided to simply embrace it and live life on his own terms! With that resolve, Hatsune returned to his hometown and decided to transfer into the school. A new school life begins—one spent alongside <i>gyaru</i> girls who fully accept and celebrate his cross-dressing alter ego! <br><br> (Source: Pinkpineapple, trans",JP,True,,https://s4.anilist.co/file/anilistcdn/media/anime/cover/medium/bx217009-jcuGzZxbNDQo.png,#f1e45d,https://s4.anilist.co/file/anilistcdn/media/anime/banner/217009-CAEY3cs7LqB6.jpg,,,,,,True,,https://anilist.co/anime/217009,1791536477,1797519600,1,2026-10-09T10:59:21.431530+00:00,anilist
215989,64884.0,Ochiru Part Tsuma - Toshishita Otoko to no Jouji ni Oboreta Hate ni...,,堕ちるパート妻 年下男との情事に溺れた果てに…,Ochiru Part Tsuma - Toshishita Otoko to no Jouji ni Oboreta Hate ni...,OVA,,,NOT_YET_RELEASED,VISUAL_NOVEL,FALL 2026,2026,Suzuki Mirano petit,Suzuki Mirano petit,Hentai,,,,,0,0,143,0,143,6,10,2,4,5,122,2026-11-27,,,,"Based on the erotic game by Studio Pork. <br><br> Sunao Saiki, who had just moved into an apartment, was a student preparing for college entrance exams. He began his new life living alone with a somber expression. However, after meeting the wife of the couple next door and being captivated by her beauty, Sunao’s new life began to brighten up. <i>“I’m Ayano Shinonome, your neighbor. Nice to meet you.”</i> By chance, Sunao ended up working at the same part-time job as Ayano. As Ayano kindly looked out for him both at work and in the apartment, Sunao gradually found himself drawn to her. But she was a married woman. Sunao tried to hold back, yet his feelings were impossible to suppress, and he spent his days torn by inner conflict. At the same time, Ayano, too, began to see the likeness of her first love in Sunao and started to view him as a man… The memory of a first love, the warmth of a married woman. Separated by just a single wall, a dangerous romance begins to blossom. <br><br> (Sou",JP,True,,https://s4.anilist.co/file/anilistcdn/media/anime/cover/medium/bx215989-jXzvgQ6QVAhj.png,#e4ae93,,,,,,,True,Fallen Part-Time Wife: Succumbing to an Affair with a Younger Man,https://anilist.co/anime/215989,1791536549,1795705200,1,2026-10-09T10:59:21.431542+00:00,anilist
214443,,Hitori Tsuma,,ヒトリ妻,Hitori Tsuma,OVA,,,NOT_YET_RELEASED,ORIGINAL,FALL 2026,2026,Nur,Nur,Hentai,,,,,0,0,140,0,140,2,9,4,6,7,114,2026-10-30,,,,"Here we go again… Yukina had come to visit her husband, who’d been injured at work, but she was dumbfounded to see him striking up conversations with every woman in sight. She ignored him and sat down on a bench in the hallway. Then, a cup of coffee was handed to her. It was from Yuto, a young man visiting his girlfriend—whom he’d met recently—and who was doting on her with a friendly, refreshing charm. For Yukina, who couldn’t help but compare him to her husband, it was just a distraction—perfect for simply watching—and she was supposed to be savoring that moment… <br><br> After seeing a flyer for a part-time job at a newly opened café, she rushed in. Standing across from her at the counter was Yuto, the man she’d met at the hospital. She was hired on the spot, and at the newly opened shop, it was just her and Yuto, the owner… For this married woman, who had devoted herself entirely to her husband, this new encounter marked the beginning of a daily life steeped in transgression—lewd, ",JP,True,,https://s4.anilist.co/file/anilistcdn/media/anime/cover/medium/bx214443-0xrurj3XnjFD.png,#e4aec9,,,,,,,True,,https://anilist.co/anime/214443,1791536647,1793286000,1,2026-10-09T10:59:21.431554+00:00,anilist
216617,65020.0,Futanari Jinja wa Otome Ochinpo Soudansho,,ふたなり神社は乙女おチ○ポ相談所,Futanari Jinja wa Otome Ochinpo Soudansho,OVA,,,NOT_YET_RELEASED,MANGA,FALL 2026,2026,Mediabank;Queen Bee,,Hentai,Futanari;LGBTQ+ Themes;Yuri;Threesome,,,,0,0,140,0,140,4,8,3,4,6,119,2026-12-04,,,,,JP,True,,https://s4.anilist.co/file/anilistcdn/media/anime/cover/medium/bx216617-EfEXreUg9Zn4.png,#863528,,,,,Yukito (Original Creator),,True,,https://anilist.co/anime/216617,1791536503,1796310000,1,2026-10-09T10:59:21.431566+00:00,anilist
207217,65079.0,Koneko no Haitatsuin Uunyan (2026),Delivery Kitten Unyan (2026),子猫の配達員うーにゃん (2026),Koneko no Haitatsuin Uunyan (2026),ONA,3.0,3.0,RELEASING,ORIGINAL,FALL 2026,2026,Studio Nanahoshi,Studio Nanahoshi,Slice of Life,Urban;Anthropomorphism;Primarily Animal Cast;Animals;Artificial Intelligence;Kids;Nekomimi;Male Protagonist,,,64.0,0,0,132,0,132,4,53,5,5,10,59,2026-09-27,,,,"Today’s the day Unyan the kitten becomes a delivery courier! Getting dressed, eating breakfast, packing his bag…He’s eager to get started, but there are so many firsts along the way! It’s a busy morning for this little kitten courier!<br><br>  (Source: YouTube)",JP,True,#子猫の配達員うーにゃん #DeliveryKittenUnyan,https://s4.anilist.co/file/anilistcdn/media/anime/cover/medium/b207217-IxKfwpEZZzLh.png,#f1a150,https://s4.anilist.co/file/anilistcdn/media/anime/banner/207217-NemulFw4QSc8.jpg,youtube,Rya5HXrNeww,Uunyan;Silva;Carpa;Nezumi Tenchou;Cavalier,Koudai Satou (Director);Koudai Satou (Producer);Momoko Yamada (Animation);Ayumi Miyazaki (Background Art);Masami Tanji (Sound Director),Official Site;YouTube;Official Site,False,,https://anilist.co/anime/207217,1791537213,0,0,2026-10-09T10:59:21.431588+00:00,anilist
214593,,Yuusanchi! from Yuuhachi,,ゆうさんち！from 遊ハち,Yuusanchi! from Yuuhachi,TV_SHORT,,1.0,RELEASING,MANGA,FALL 2026,2026,Kansai TV;Fanworks;Fuji TV,Fanworks,Comedy;Slice of Life,Animals;Kids,,,50.0,0,0,112,0,112,3,34,1,2,15,60,2026-10-05,,,,,JP,True,,https://s4.anilist.co/file/anilistcdn/media/anime/cover/medium/bx214593-WZ0HaPSRae2E.png,#f1ae50,,youtube,WprfleUJVck,Dekaihachi;Oniisan;Tanuki;Genki na Danshi Koukousei;Internet no Eichi,Yuuhachi (Original Creator);Rarecho (Director );Gaku Kinoshita (Director );Rarecho (Series Composition);Gaku Kinoshita (Series Composition),Official Site;Twitter,False,,https://anilist.co/anime/214593,1791540121,1791770400,3,2026-10-09T10:59:21.431614+00:00,anilist
217624,65095.0,PetitCure: Precure Fairies Season 4,,ぷちきゅあ～Precure Fairies～ シーズン4,PetitCure: Precure Fairies Season 4,ONA,,1.0,RELEASING,ORIGINAL,FALL 2026,2026,IKIF+,IKIF+,Fantasy;Slice of Life,Fairy;Crossover;Kids;Magic;Chibi;Primarily Animal Cast;Animals;No Dialogue,,,64.0,0,0,104,0,104,2,68,1,1,6,28,2026-10-01,,,,Fourth season of PetitCure: Precure Fairies.,JP,True,,https://s4.anilist.co/file/anilistcdn/media/anime/cover/medium/bx217624-Cwkze5dZ5txL.jpg,#d6e4a1,,,,Pollun;Komugi Inukai;Mofurun;Mepple;Mipple,Izumi Toudou (Original Story);Yuuko Okumura (Director);Momoka Toyoda (Series Composition);OKACHEKE (Concept Art);Hiro Nagasuna (Concept Art),Official Site;YouTube,False,,https://anilist.co/anime/217624,1791536432,1792056600,3,2026-10-09T10:59:21.431633+00:00,anilist
217458,65116.0,Akuryou Taisan! Onegai! Shikigami-sama,,悪霊退散！おねが～い！色神様,Akuryou Taisan! Onegai! Shikigami-sama,OVA,,,NOT_YET_RELEASED,OTHER,FALL 2026,2026,Majin petit,Majin petit,Fantasy;Hentai,,,,,0,0,74,0,74,2,4,1,4,4,61,2026-12-25,,,,Based on the erotic doujin game by MuscleRunSnake (マッスルランスネーク).,JP,True,,https://s4.anilist.co/file/anilistcdn/media/anime/cover/medium/bx217458-4UzRLv5prn2x.png,,https://s4.anilist.co/file/anilistcdn/media/anime/banner/217458-3WdiqsAShqGK.jpg,,,,,,True,Spiritbound: The Goddess's Quest;Evils be gone! Please~ Ero God;Akuryou Taisan! Onegai! Irogami-sama,https://anilist.co/anime/217458,1791536444,1798124400,1,2026-10-09T10:59:21.431645+00:00,anilist
217459,65117.0,Anemone,,姉モネ,Anemone,OVA,,,NOT_YET_RELEASED,ORIGINAL,FALL 2026,2026,Nur,Nur,Hentai,,,,,0,0,65,0,65,1,3,1,4,3,54,2026-12-25,,,,,JP,True,,https://s4.anilist.co/file/anilistcdn/media/anime/cover/medium/bx217459-zA6NwJAqr5m7.png,,,,,,,,True,,https://anilist.co/anime/217459,1791536444,1798124400,1,2026-10-09T10:59:21.431660+00:00,anilist
214968,,Nezumi-kun no Chokki (TV) 2nd Season,,ねずみくんのチョッキ (TV) 第2期,Nezumi-kun no Chokki (TV) 2nd Season,TV_SHORT,,,RELEASING,OTHER,FALL 2026,2026,Creadom8,Creadom8,Fantasy,Kids;Animals;Anthropomorphism,,,22.0,0,0,59,0,59,3,17,2,2,12,26,2026-10-03,,,,Second season of Nezumi-kun no Chokki (TV),JP,True,#ねずみくんのチョッキ,https://s4.anilist.co/file/anilistcdn/media/anime/cover/medium/bx214968-rrPSP2nKF40C.jpg,#f10000,,,,Nezumi-kun;Nemi-chan,Yoshio Nakae (Original Story);Noriko Ueno (Original Character Design);Nobuyoshi Habara (Director );Kanemori Yasuda (Character Design);Kanemori Yasuda (CG Director),Twitter;Official Site,False,Little Mouse's Red Vest 2,https://anilist.co/anime/214968,1791504409,1791592200,2,2026-10-09T10:59:21.431680+00:00,anilist
216860,,Punirunes Puni 4,,ぷにるんず ぷに４,Punirunes Puni 4,TV_SHORT,,12.0,RELEASING,VIDEO_GAME,FALL 2026,2026,Takara Tomy;TV Tokyo;OLM,OLM,Slice of Life,Kids;Full CGI;School,,,45.0,0,0,51,0,51,1,17,1,2,11,20,2026-10-04,,,,Fourth season of <i>Punirunes</i>.,JP,True,,https://s4.anilist.co/file/anilistcdn/media/anime/cover/medium/bx216860-ghfSopHbPVNa.png,#5dd6f1,,,,Yuka;Airune;Enerune;Loverune;Ururune,Haruki Kasugamori (Director);Takahiro Obata (Music);Sayuri Ichiishi (Character Design);Gigaemon Ichikawa (Series Composition);Takara Tomy (Original Creator),Twitter;Instagram,False,,https://anilist.co/anime/216860,1791536487,1791677760,2,2026-10-09T10:59:21.431704+00:00,anilist
218011,64028.0,Tanuki to Kitsune (TV),Raccoon Dog & Fox,タヌキとキツネ,Tanuki to Kitsune (TV),TV_SHORT,,2.0,RELEASING,MANGA,FALL 2026,2026,Akatsuki Media Studio,Akatsuki Media Studio,Comedy,Primarily Animal Cast,,,36.0,0,0,39,0,39,0,14,0,3,3,19,2026-10-04,,,,"The story centers on the daily lives of a raccoon dog who is not quite with it and a mischievous fox who likes to tease the raccoon dog. The two are close friends who live together on a mountain. Their other friends include a wolf, a bear, a rabbit, and birds.<br><br>(Source: Anime News Network)",JP,True,#タヌキとキツネ,https://s4.anilist.co/file/anilistcdn/media/anime/cover/medium/bx218011-dPgr1MlfSuhH.jpg,#fed628,,youtube,DO_UchIVN9Y,Tanuki;Kitsune,Atamoto (Original Creator);Tommy Hino (Director);Rika Kihara (Script);SILENT SIREN (Theme Song Performance (OP));Suu (Theme Song Lyrics (OP)),Twitter;Official Site;Instagram,False,Tanuki & Kitsune,https://anilist.co/anime/218011,1791540121,1791669600,2,2026-10-09T10:59:21.431721+00:00,anilist
217941,,Hitozuma to Netorare Ryokou,,人妻と寝取られ旅行,Hitozuma to Netorare Ryokou,OVA,,,NOT_YET_RELEASED,OTHER,FALL 2026,2026,Queen Bee;Mediabank,,Hentai,,,,,0,0,36,0,36,0,3,1,1,1,30,2026-12-11,,,,,JP,True,,https://s4.anilist.co/file/anilistcdn/media/anime/cover/medium/bx217941-olQB62EBXrqS.png,#355dbb,,,,,Arakure (Original Creator),,True,,https://anilist.co/anime/217941,1791536411,1796914800,1,2026-10-09T10:59:21.431732+00:00,anilist
217282,,GelPiyo 2,,ゲルぴよ 2,GelPiyo 2,TV_SHORT,,5.0,NOT_YET_RELEASED,OTHER,FALL 2026,2026,,,Comedy,,,,,0,0,32,0,32,2,7,0,2,5,18,2026-10-21,,,,Second season of <i>GelPiyo</i>.,JP,True,#ゲルぴよ,https://s4.anilist.co/file/anilistcdn/media/anime/cover/medium/bx217282-fRAAhF2b5eIr.png,#febb50,,,,Gelpiyo;Aopiyo;Parupiyo;Bamopiyo;Momopiyo,SILENT SIREN (Theme Song Performance (OP));NEVER END ROLL (Theme Song Performance (ED));Shou  Udagawa (Theme Song Composition (ED));Shou  Udagawa (Theme Song Arrangement (ED));Hirotaka Hayakawa (Theme Song Composition (ED)),Instagram;Twitter;Official Site,False,,https://anilist.co/anime/217282,1791536457,1792587240,1,2026-10-09T10:59:21.431752+00:00,anilist
217577,65007.0,Mazenchu,,マゼンチュ,Mazenchu,TV_SHORT,,,RELEASING,OTHER,FALL 2026,2026,Studio Nanahoshi,Studio Nanahoshi,Slice of Life,Anthropomorphism;Food,,,10.0,0,0,32,0,32,2,9,0,2,5,16,2026-10-02,,,,"Mazenchu is set in a school where all kinds of food can live out their youth and form friendships, rivalries, and bittersweet romances. <br><br> (Source: Anime News Network)",JP,True,#マゼンチュ,https://s4.anilist.co/file/anilistcdn/media/anime/cover/medium/bx217577-bYfoFScj9Pwi.jpg,#f1a11a,,,,Sume;Abo;Akami;Shinko;Narrator,Ebi (Original Creator);Yuusuke Takase (Director);Yuusuke Takase (Script);Sayo Kawase (Executive Producer),Official Site;Twitter;Instagram,False,,https://anilist.co/anime/217577,1791536436,1792111800,3,2026-10-09T10:59:21.431767+00:00,anilist
217787,64211.0,Pop Pap Polters,,ポップパップポルターズ,Pop Pap Polters,TV_SHORT,,3.0,RELEASING,ORIGINAL,FALL 2026,2026,Shin-Ei Animation;MOZU STUDIOS,MOZU STUDIOS,Slice of Life,Stop Motion,,,40.0,0,0,28,0,28,0,11,0,2,4,11,2026-10-04,,,,,JP,True,,https://s4.anilist.co/file/anilistcdn/media/anime/cover/medium/b217787-NHLlgGiqy59P.jpg,#d6781a,,,,,Kiyotaka Mizukoshi (Director ),Official Site,False,,https://anilist.co/anime/217787,1791536421,1791680400,2,2026-10-09T10:59:21.431778+00:00,anilist
